"FSC-A","FSC-H","FSC-W","SSC-A","SSC-H","SSC-W","APC-A","Alexa Fluor 488-A","Time"
47196.179688,34923.000000,88567.671875,54588.558594,32463.000000,110202.875000,589.000000,3592.159912,1.346377
27433.541016,24735.000000,72685.851562,26454.478516,22987.000000,75421.796875,525.760010,1366.559937,1.412741
32527.460938,23812.000000,89522.921875,38728.558594,21552.000000,117767.015625,688.200012,2435.679932,1.770703
86344.632812,72515.000000,78034.632812,53258.398438,29095.000000,119963.648438,1118.479980,3053.439941,2.045207
101409.929688,79247.000000,83864.390625,55802.238281,36271.000000,100825.875000,453.839996,2811.119873,2.506736
59681.339844,53882.000000,72589.671875,25539.279297,19310.000000,86677.492188,563.580017,1380.079956,2.657562
59732.691406,54919.000000,71280.289062,24842.478516,19203.000000,84782.414062,312.480011,937.039978,2.713871
41130.562500,36185.000000,74493.093750,29525.599609,19593.000000,98759.242188,708.039978,1347.839966,3.604753
63802.773438,58602.000000,71352.156250,35304.878906,24506.000000,94415.273438,616.900024,2567.760010,3.674133
50559.210938,31975.000000,103626.226562,36928.320312,14151.000000,171022.156250,940.539978,2045.679932,3.838031
33615.289062,21602.000000,101981.835938,22903.919922,13062.000000,114915.890625,713.619995,1776.319946,4.048182
26068.419922,18399.000000,92853.968750,22678.238281,15231.000000,97580.007812,1094.920044,2113.280029,4.195992
32175.121094,31394.000000,67166.617188,25434.238281,17142.000000,97238.257812,1509.699951,2178.799805,4.454408
54045.480469,44171.000000,80186.648438,48601.277344,32667.000000,97503.085938,1454.520020,5420.479980,4.485579
49055.839844,36004.000000,89293.515625,40432.078125,25504.000000,103895.726562,1243.099976,3489.199951,4.859629
26385.210938,24555.000000,70420.734375,22803.039062,15487.000000,96495.125000,317.440002,1603.679932,5.044642
26292.781250,17579.000000,98021.710938,49232.558594,21739.000000,148420.125000,1198.459961,3378.959961,5.082852
85399.000000,75483.000000,74145.296875,40764.878906,30335.000000,88068.804688,311.860016,1797.119873,5.563486
25220.750000,19814.000000,83419.156250,36266.878906,18306.000000,129836.460938,1632.459961,3121.039795,6.119532
19317.871094,17639.000000,71773.687500,47574.796875,26067.000000,119609.539062,1817.219971,1833.519897,7.053651
62221.980469,44113.000000,92439.406250,52303.679688,27426.000000,124982.648438,698.739990,2672.799805,7.288940
39680.910156,33463.000000,77713.539062,21311.679688,9443.000000,147906.625000,955.419983,1953.119873,7.316089
44958.109375,34400.000000,85650.429688,48163.437500,27252.000000,115824.125000,1223.260010,2742.479980,7.398541
19341.570312,14250.000000,88952.218750,42241.679688,20762.000000,133337.375000,1218.920044,2155.919922,7.554395
56514.230469,41327.000000,89619.781250,32159.917969,18815.000000,112018.734375,609.460022,1512.159912,7.743431
66103.250000,56459.000000,76730.781250,45230.636719,31951.000000,92774.414062,523.900024,2180.879883,7.883197
73704.632812,51065.000000,94591.335938,53197.039062,28461.000000,122494.679688,514.599976,2402.399902,8.055139
53300.511719,45228.000000,77233.179688,30062.238281,20584.000000,95713.117188,546.220032,2070.639893,8.610180
20222.419922,14500.000000,91399.765625,27548.558594,14452.000000,124925.437500,510.880005,1946.879883,8.711737
42607.070312,37134.000000,75195.164062,49415.597656,28410.000000,113991.578125,737.799988,3678.479980,8.785139
14080.169922,12447.000000,74134.968750,46341.359375,33455.000000,90779.476562,489.179993,10509.199219,9.127012
39194.269531,22959.000000,111879.250000,40852.238281,18795.000000,142447.046875,3504.860107,3332.159912,9.288899
48506.792969,35091.000000,90591.359375,52141.437500,28103.000000,121593.468750,1709.959961,4233.839844,9.714230
94543.250000,82103.000000,75466.023438,72814.554688,43367.000000,110037.007812,2162.560059,5417.359863,10.088280
40737.140625,27283.000000,97853.945312,56464.718750,30631.000000,120808.062500,2174.959961,3173.039795,10.140566
23564.910156,18478.000000,83577.765625,44305.039062,21038.000000,138015.734375,569.780029,2418.000000,10.226034
43230.382812,39053.000000,72546.187500,31521.359375,17001.000000,121509.546875,443.920013,1321.839966,10.389933
50387.781250,46966.000000,70310.726562,22734.398438,17190.000000,86673.734375,370.760010,1496.559937,10.472384
22872.080078,16034.000000,93485.382812,24144.638672,16630.000000,95149.906250,2057.780029,2947.359863,10.635277
40009.550781,24722.000000,106062.046875,48436.957031,18402.000000,172501.046875,1822.800049,4490.719727,10.720745
68881.679688,63955.000000,70584.468750,41378.476562,26291.000000,103144.804688,577.840027,2360.799805,11.521132
19218.330078,13945.000000,90318.570312,47834.796875,20714.000000,151342.140625,672.700012,2266.159912,11.969588
53369.242188,33046.000000,105840.546875,50293.359375,28962.000000,113805.187500,642.940002,3087.759766,13.666888
32688.621094,21318.000000,100491.671875,50815.437500,26358.000000,126346.492188,2284.080078,3865.679932,14.188748
103437.070312,84187.000000,80521.359375,56565.597656,35087.000000,105654.039062,430.899994,2671.760010,14.322481
33279.539062,28446.000000,76671.867188,20164.558594,14474.000000,91301.960938,274.660004,691.599976,14.576875
32164.060547,25746.000000,81873.062500,56405.437500,26054.000000,141881.734375,709.280029,2534.479980,14.672399
30268.851562,23335.000000,85009.617188,46815.597656,18067.000000,169818.296875,1607.660034,2345.199951,14.685471
35952.902344,20347.000000,115801.320312,25189.839844,17131.000000,96365.734375,721.679993,1693.119995,14.969024
23049.830078,19929.000000,75798.765625,36823.277344,20477.000000,117851.757812,1224.500000,2978.559814,15.637688
28220.380859,24108.000000,76715.234375,32036.158203,19256.000000,109032.078125,561.099976,3315.519775,15.639699
22476.291016,18354.000000,80255.320312,38114.957031,19410.000000,128691.492188,2364.679932,2494.959961,17.796518
31615.011719,13175.000000,157261.593750,33782.320312,15127.000000,146358.046875,520.799988,1459.119995,17.945332
37840.210938,27474.000000,90263.382812,35087.519531,21430.000000,107302.648438,866.140015,1718.079956,18.083088
44461.992188,40176.000000,72527.406250,51142.000000,29200.000000,114782.265625,1398.719971,3273.919922,18.747730
22989.000000,19623.000000,76777.609375,42012.878906,15187.000000,181296.921875,639.840027,1737.839966,19.410360
33710.089844,28127.000000,78544.625000,32018.478516,23723.000000,88452.679688,553.039978,4628.000000,20.665236
30028.691406,22954.000000,85734.968750,29648.318359,19034.000000,102082.179688,342.860016,995.279968,20.974934
54799.929688,35007.000000,102590.000000,34973.117188,23759.000000,96468.625000,1180.479980,2661.359863,21.179052
23862.740234,21584.000000,72455.000000,42881.277344,25476.000000,110310.390625,4742.379883,4037.279785,21.360044
41918.191406,29182.000000,94138.531250,54812.156250,31102.000000,115496.421875,536.299988,2644.719971,21.474672
57296.332031,35587.000000,105515.289062,46612.796875,20675.000000,147754.125000,572.880005,2078.959961,21.650637
94625.414062,85874.000000,72214.773438,57574.398438,33942.000000,111165.992188,1657.880005,3404.959961,22.673239
63488.351562,57608.000000,72225.601562,37137.359375,24508.000000,99307.742188,615.039978,2174.639893,22.792896
98168.562500,79326.000000,81102.984375,57425.679688,33070.000000,113802.523438,1521.479980,4096.560059,23.349947
37342.511719,27683.000000,88403.671875,44699.199219,22263.000000,131581.859375,1863.719971,5265.520020,23.577194
39989.800781,30253.000000,86628.492188,45729.839844,22201.000000,134991.718750,1100.500000,3169.919922,24.405733
18976.589844,13402.000000,92795.835938,30292.078125,20330.000000,97649.859375,355.260010,561.599976,25.115623
59106.222656,54914.000000,70539.125000,26080.078125,20114.000000,84974.843750,566.679993,1882.399902,25.629438
15928.770508,14037.000000,74368.304688,49613.199219,43297.000000,75096.445312,150.040009,540.799988,25.841600
100663.382812,89670.000000,73570.593750,52555.359375,35878.000000,95999.445312,414.160004,2336.879883,25.964273
49056.632812,34659.000000,92760.187500,50118.636719,25427.000000,129176.656250,1040.359985,2922.399902,26.075886
63590.261719,42587.000000,97857.359375,56742.398438,27499.000000,135229.281250,1619.440063,2928.639893,26.497192
38988.871094,34067.000000,75004.390625,27858.478516,16679.000000,109462.992188,714.859985,1391.519897,26.671146
51756.062500,47315.000000,71687.320312,28415.919922,21479.000000,86701.695312,1032.920044,1305.199951,27.795307
55880.652344,36911.000000,99216.890625,38449.839844,20447.000000,123238.062500,2563.699951,4738.239746,27.805363
42498.050781,26895.000000,103556.515625,54049.839844,26079.000000,135826.156250,825.220032,2537.599854,28.225666
45751.269531,42246.000000,70973.703125,23082.798828,20306.000000,74497.898438,375.720001,2560.479980,28.429783
17785.269531,16307.000000,71477.000000,44450.636719,31955.000000,91163.109375,1585.339966,8039.199707,28.492126
44008.531250,38678.000000,74568.054688,51763.917969,30098.000000,112711.812500,2028.020020,4087.199951,28.495140
81919.843750,58666.000000,91512.953125,75144.156250,36602.000000,134545.859375,1709.959961,3925.999756,28.763613
68362.648438,63237.000000,70848.000000,36178.480469,27089.000000,87526.039062,1439.020020,1616.159912,28.796793
24672.490234,20726.000000,78014.882812,44292.558594,23574.000000,123133.843750,1112.900024,3009.760010,29.721863
53127.500000,43394.000000,80236.070312,39069.679688,25010.000000,102377.867188,583.419983,1827.279907,30.061726
62325.472656,55542.000000,73540.062500,35026.160156,23286.000000,98577.453125,1287.739990,2572.959961,30.386505
61654.761719,52938.000000,76327.148438,58060.078125,30858.000000,123307.578125,1054.000000,2620.799805,30.708269
33087.570312,26534.000000,81722.578125,37978.718750,19494.000000,127678.945312,590.239990,2165.280029,31.168793
70336.859375,58944.000000,78202.976562,54419.039062,38752.000000,92031.531250,1344.780029,2974.399902,31.214041
47758.660156,41927.000000,74651.460938,26587.599609,18711.000000,93124.101562,977.119995,1215.760010,31.713778
32926.410156,28068.000000,76879.906250,56727.839844,24052.000000,154569.937500,1801.099976,3117.919922,32.152180
48922.332031,29703.000000,107941.085938,51998.957031,22179.000000,153650.031250,631.780029,2970.239990,32.187374
31604.740234,29334.000000,70609.132812,27386.318359,18838.000000,95274.968750,465.619995,935.999939,32.334179
55887.761719,49594.000000,73852.898438,65763.359375,43806.000000,98385.328125,980.220032,3497.519775,32.334179
70326.593750,62281.000000,74002.085938,22175.919922,18493.000000,78587.632812,264.119995,2229.760010,32.358311
90377.585938,79482.000000,74519.835938,47292.957031,34110.000000,90864.585938,786.780029,2722.719971,32.630802
50503.121094,47723.000000,69353.828125,24373.439453,18779.000000,85059.789062,753.919983,2733.119873,32.895252
106646.843750,87470.000000,79904.054688,77786.796875,43978.000000,115917.859375,827.080017,3497.519775,32.948544
31297.431641,21514.000000,95338.312500,44519.277344,26426.000000,110407.000000,458.800018,2117.439941,33.895733
27266.060547,19323.000000,92475.726562,54944.238281,22623.000000,159166.578125,552.419983,2690.479980,33.993267
36539.082031,30210.000000,79265.984375,61173.835938,37378.000000,107257.976562,1169.940063,2607.279785,34.095829
26905.820312,25447.000000,69293.046875,41736.238281,24951.000000,109623.906250,372.619995,2717.520020,34.487980
20547.900391,13294.000000,101295.859375,35531.597656,12814.000000,181723.031250,1157.540039,2272.399902,34.691093
19046.111328,18858.000000,66189.726562,35353.757812,34158.000000,67830.195312,125.860001,402.479980,34.943474
30253.841797,26323.000000,75322.562500,43162.078125,34663.000000,81604.882812,1014.320007,7346.559570,35.867538
58228.531250,52313.000000,72946.789062,39696.796875,27081.000000,96066.218750,1042.839966,3563.039795,35.893681
45708.609375,28158.000000,106383.960938,53988.476562,26010.000000,136031.875000,739.660034,2108.079834,35.934910
93312.429688,81378.000000,75147.125000,49552.878906,31426.000000,103337.929688,668.359985,2308.799805,35.981159
64032.660156,51302.000000,81798.851562,47393.839844,28086.000000,110589.000000,715.479980,3152.239990,36.526150
28306.490234,23382.000000,79338.554688,40788.796875,26194.000000,102051.406250,584.039978,2132.000000,36.713173
24205.601562,21525.000000,73697.484375,27427.919922,20081.000000,89513.281250,1019.900024,2040.479980,37.301395
34481.132812,23991.000000,94191.796875,27605.759766,17959.000000,100738.976562,1120.339966,2562.559814,37.490433
22749.630859,11515.000000,129476.320312,39878.796875,19499.000000,134032.343750,1233.800049,3306.159912,38.229481
40923.582031,28546.000000,93952.492188,37582.480469,25554.000000,96384.351562,617.520020,2068.559814,40.046436
41155.050781,25271.000000,106728.554688,54202.718750,29511.000000,120369.671875,760.739990,3140.799805,40.406410
39089.199219,34927.000000,73345.828125,35116.640625,19231.000000,119671.585938,1455.140015,1687.919922,40.429539
31021.720703,18062.000000,112558.945312,52248.558594,19162.000000,178695.421875,382.540009,1404.000000,41.439072
25486.191406,23431.000000,71284.328125,21227.439453,15399.000000,90341.023438,956.039978,1095.119995,41.679386
29939.419922,28171.000000,69649.992188,52506.476562,28031.000000,122759.250000,1613.859985,3386.239990,41.967964
63895.203125,55679.000000,75206.742188,31300.878906,23083.000000,88867.757812,467.480011,2265.119873,42.547138
80399.882812,70534.000000,74702.796875,30761.119141,20770.000000,97061.179688,530.720032,2030.079956,42.598423
26448.410156,22283.000000,77786.789062,37598.078125,30271.000000,81398.960938,763.840027,951.599976,42.879963
62107.433594,56492.000000,72050.421875,26301.599609,20476.000000,84181.562500,1344.160034,1779.439941,43.018723
32632.531250,28700.000000,74515.875000,30821.439453,20332.000000,99346.539062,1068.880005,1699.359985,43.345512
105537.679688,83719.000000,82615.867188,71475.039062,39891.000000,117424.679688,1143.280029,3648.319824,44.071495
46926.000000,32802.000000,93754.718750,45598.796875,28258.000000,105752.804688,815.919983,2222.479980,44.348007
21875.890625,20712.000000,69218.734375,41199.597656,25004.000000,107985.007812,553.660034,1900.079956,44.802502
39987.429688,33979.000000,77124.585938,44184.398438,27387.000000,105731.507812,1232.560059,5368.479980,45.510380
22362.531250,16150.000000,90746.187500,39121.679688,23942.000000,107087.062500,636.119995,1805.439941,45.649136
47129.031250,40550.000000,76168.890625,27921.919922,17206.000000,106351.914062,534.440002,1030.640015,46.718998
29308.210938,21651.000000,88713.812500,52366.078125,24935.000000,137632.375000,1341.680054,2918.239990,47.740597
44253.429688,40050.000000,72414.296875,24519.039062,18818.000000,85390.562500,225.680008,1080.559937,47.902485
61196.562500,52447.000000,76469.156250,48844.636719,24175.000000,132412.921875,635.500000,1991.599976,47.947735
18192.910156,11507.000000,103614.375000,36769.199219,14851.000000,162258.859375,206.460007,1430.000000,48.872803
32840.300781,29427.000000,73137.656250,24721.839844,20407.000000,79392.882812,643.559998,2196.479980,48.914028
112230.562500,87236.000000,84313.156250,84196.320312,50548.000000,109161.390625,1662.839966,5098.079590,48.975365
53832.972656,42163.000000,83675.210938,37840.398438,25235.000000,98272.578125,287.679993,1433.119995,49.076920
38651.542969,30906.000000,81960.390625,48970.476562,28014.000000,114561.617188,1519.000000,4220.319824,49.310200
34960.660156,29734.000000,77055.953125,48521.199219,23078.000000,137788.609375,764.460022,2565.679932,50.945160
31637.919922,29558.000000,70147.593750,30819.359375,18870.000000,107036.437500,549.320007,1314.559937,51.403671
27601.021484,18497.000000,97792.109375,33375.679688,22069.000000,99112.257812,1088.099976,2472.079834,51.509251
24574.531250,17415.000000,92478.695312,33954.957031,21079.000000,105568.195312,651.000000,2378.479980,52.103504
27238.410156,17083.000000,104495.500000,22829.039062,16431.000000,91054.953125,504.059998,18056.478516,52.555984
143801.328125,118726.000000,79377.421875,80318.156250,42610.000000,123532.765625,1182.959961,5115.759766,53.279949
48520.222656,37518.000000,84754.554688,44724.160156,26974.000000,108661.765625,647.900024,2795.520020,53.312130
47554.050781,36470.000000,85453.859375,53269.839844,25618.000000,136274.984375,993.859985,3017.039795,53.406647
40301.062500,35906.000000,73557.921875,25672.398438,17186.000000,97897.492188,540.640015,1708.719971,53.450886
41982.179688,38370.000000,71705.601562,24217.439453,16278.000000,97500.562500,841.960022,1168.959961,53.673107
24557.150391,12486.000000,128894.554688,55067.996094,24194.000000,149166.578125,3317.000000,3921.839844,53.771648
27025.900391,16481.000000,107467.359375,38097.277344,22373.000000,111596.257812,908.919983,2656.159912,54.075310
52395.960938,44062.000000,77931.593750,37456.636719,22158.000000,110784.289062,554.900024,2629.119873,54.992336
35053.089844,27266.000000,84252.890625,28997.279297,10262.000000,185184.734375,585.900024,1788.799927,55.137127
79831.085938,72982.000000,71686.304688,55505.839844,34930.000000,104140.593750,1423.520020,3891.679932,55.287956
31649.771484,26912.000000,77073.406250,37669.839844,16532.000000,149330.421875,465.619995,2258.879883,55.797749
129176.062500,110002.000000,76959.351562,60734.957031,35762.000000,111300.437500,574.119995,2845.439941,55.882214
40161.230469,32451.000000,81107.101562,32432.398438,21315.000000,99718.031250,748.960022,1627.599976,56.048122
32903.500000,20182.000000,106845.890625,50111.359375,20614.000000,159313.968750,6088.399902,4944.159668,56.338715
23498.550781,20145.000000,76445.812500,29810.558594,21969.000000,88928.257812,578.460022,1675.439941,56.541828
30113.220703,20617.000000,95721.984375,19171.359375,12973.000000,96848.390625,332.940002,967.199951,56.832420
23116.191406,17823.000000,84999.312500,23365.679688,10047.000000,152412.968750,1890.380005,3219.839844,57.119995
80369.859375,65638.000000,80244.968750,72270.640625,39942.000000,118580.164062,12023.660156,6256.639648,57.245686
24933.980469,23854.000000,68503.117188,30216.158203,18714.000000,105816.296875,552.419983,2406.559814,57.369362
30689.919922,29630.000000,67880.351562,23690.158203,17038.000000,91123.265625,532.580017,1326.000000,57.462872
50088.371094,42074.000000,78019.476562,27674.398438,21162.000000,85704.062500,365.179993,1436.239990,57.591579
95172.093750,70694.000000,88228.125000,52011.437500,28642.000000,119007.820312,955.419983,2474.159912,57.630795
32235.160156,27315.000000,77340.789062,25976.078125,18695.000000,91060.085938,655.340027,1343.679932,57.822845
29579.181641,26955.000000,71916.210938,26834.078125,16895.000000,104089.867188,697.500000,2341.039795,57.825859
20749.349609,18804.000000,72315.968750,35691.757812,18039.000000,129668.781250,1738.479980,1713.919922,58.194885
39150.031250,28304.000000,90649.250000,39736.320312,27012.000000,96407.500000,1204.040039,3110.639893,58.264263
89010.882812,83667.000000,69721.843750,49935.597656,31763.000000,103031.179688,659.059998,3542.239990,58.338669
76659.234375,61934.000000,81117.640625,76006.320312,39390.000000,126457.234375,1020.520020,4567.679688,58.828358
78120.734375,63766.000000,80289.179688,54693.597656,34642.000000,103469.773438,1246.199951,3243.759766,60.821274
64712.062500,50816.000000,83457.375000,54583.359375,32928.000000,108636.265625,540.640015,2497.039795,61.324028
40963.082031,34459.000000,77905.812500,54452.316406,34207.000000,104323.304688,1067.640015,3129.359863,61.385365
63775.121094,56175.000000,74402.609375,27556.878906,20207.000000,89373.367188,1031.060059,2073.760010,61.968559
70119.609375,59562.000000,77152.523438,30719.519531,21566.000000,93352.250000,740.280029,1517.359985,62.097271
35416.492188,31295.000000,74166.976562,37862.238281,20155.000000,123112.859375,1109.800049,4285.839844,63.181206
76676.609375,60251.000000,83402.414062,37866.398438,27775.000000,89346.976562,806.000000,3044.079834,63.866966
43781.800781,41520.000000,69106.078125,40229.277344,28352.000000,92990.476562,331.080017,2724.799805,64.007736
54657.730469,40931.000000,87514.320312,66818.960938,37539.000000,116653.273438,1949.280029,5687.759766,64.809128
36329.730469,35995.000000,66145.445312,30197.439453,20059.000000,98659.929688,380.059998,1878.239990,65.261604
56908.441406,35919.000000,103832.273438,42038.878906,33119.000000,83186.695312,164.300003,108.159996,65.531082
53073.781250,36719.000000,94725.984375,42610.878906,26879.000000,103893.242188,1332.380005,3184.479980,65.546165
67604.250000,59817.000000,74067.773438,42653.519531,28653.000000,97558.414062,828.320007,2088.319824,65.689957
17943.269531,14597.000000,80559.718750,32669.519531,18485.000000,115825.257812,639.840027,1624.479980,65.913177
37097.609375,23614.000000,102957.101562,30236.958984,16606.000000,119330.921875,597.679993,2404.479980,66.491348
36682.070312,34866.000000,68949.593750,30297.279297,17718.000000,112064.718750,642.320007,1649.439941,66.665298
92697.023438,86621.000000,70133.023438,50655.277344,35421.000000,93722.492188,843.200012,4345.119629,67.104706
50169.742188,41779.000000,78698.015625,60634.078125,32547.000000,122091.585938,3488.120117,4221.359863,67.286697
30670.960938,27470.000000,73172.632812,38161.757812,23706.000000,105499.414062,736.559998,2106.000000,67.381226
52836.781250,35550.000000,97403.968750,42063.839844,24782.000000,111237.828125,732.220032,2556.319824,68.183617
66145.914062,59758.000000,72541.562500,43188.078125,28666.000000,98736.273438,1797.380005,4116.319824,68.410866
25926.220703,16537.000000,102745.406250,25256.398438,16505.000000,100284.960938,3297.159912,3635.839844,68.437012
22837.320312,10395.000000,143979.468750,54070.636719,25439.000000,139296.875000,894.039978,3079.439941,68.603920
54195.582031,35999.000000,98662.796875,48485.839844,30587.000000,103886.218750,781.200012,2731.039795,69.293701
86663.789062,73828.000000,76930.140625,57075.199219,32660.000000,114527.867188,1176.140015,3290.559814,69.915108
40635.230469,37066.000000,71846.710938,24510.718750,19034.000000,84392.898438,1058.959961,1866.799927,70.086044
32378.941406,26708.000000,79451.343750,17978.478516,12832.000000,91820.257812,181.040009,1022.319946,71.140823
28340.460938,27154.000000,68399.515625,31473.519531,18214.000000,113245.234375,487.320007,1678.559937,71.277573
20687.730469,10585.000000,128086.093750,37520.078125,15949.000000,154173.671875,853.119995,1883.439941,71.469620
24553.990234,13946.000000,115385.796875,30297.279297,17662.000000,112420.039062,845.059998,1674.399902,71.744125
72360.843750,63522.000000,74655.085938,61065.679688,41366.000000,96746.125000,1570.459961,3072.159912,72.011597
55901.980469,48175.000000,76047.585938,36794.160156,26223.000000,91955.226562,424.700012,1502.799927,73.393166
53809.269531,36249.000000,97283.914062,44012.796875,28009.000000,102982.000000,3046.679932,5562.959961,74.130203
32271.500000,26398.000000,80117.625000,44673.199219,28746.000000,101847.320312,729.119995,2374.319824,74.195557
85508.812500,62759.000000,89292.460938,63484.718750,36003.000000,115560.781250,1806.060059,3063.839844,75.021088
63859.652344,57863.000000,72327.851562,29630.638672,22243.000000,87302.679688,443.920013,1719.119995,75.224197
35736.441406,29286.000000,79970.750000,32203.599609,22658.000000,93145.687500,1535.119995,1704.559937,75.352905
52873.910156,49126.000000,70535.859375,32495.837891,20626.000000,103250.617188,452.600006,1306.239990,76.185463
49197.250000,37303.000000,86432.492188,35664.718750,21299.000000,109738.625000,910.160034,3486.079834,76.254845
24307.509766,20086.000000,79309.820312,25424.878906,15430.000000,107987.367188,1048.420044,2282.799805,76.396622
54493.410156,44711.000000,79874.750000,46163.519531,28439.000000,106381.117188,783.679993,2462.719971,76.452927
21905.910156,14051.000000,102172.484375,47670.476562,21827.000000,143131.562500,531.340027,2381.599854,77.271416
15949.310547,13620.000000,76744.046875,37247.597656,26676.000000,91507.671875,313.720001,4786.079590,77.334763
20032.820312,16678.000000,78718.726562,29343.599609,14678.000000,131016.625000,712.380005,2302.559814,77.383026
115256.265625,100295.000000,75312.171875,52975.519531,38947.000000,89141.757812,864.900024,2592.719971,77.736969
55835.621094,48390.000000,75619.820312,33580.558594,22962.000000,95842.500000,484.220001,1571.439941,78.401611
31344.830078,20390.000000,100746.195312,39330.718750,23302.000000,110616.171875,1144.520020,3332.159912,78.548409
32951.691406,23899.000000,90360.351562,33271.679688,21007.000000,103798.398438,3180.600098,3081.519775,79.127586
54150.550781,43033.000000,82467.179688,64750.398438,37341.000000,113641.367188,1040.979980,3539.119873,81.281387
28315.970703,28133.000000,65962.226562,37893.437500,23969.000000,103608.171875,345.959991,2866.239990,81.548859
45746.531250,36186.000000,82850.953125,42329.039062,27262.000000,101756.140625,624.340027,1225.119995,81.656441
25021.669922,20111.000000,81538.476562,30994.078125,22943.000000,88533.671875,118.419998,1606.799927,81.746941
21762.130859,15993.000000,89176.703125,41113.277344,24937.000000,108048.281250,843.200012,1348.880005,82.410576
62049.761719,42354.000000,96012.023438,47916.957031,25410.000000,123584.656250,202.119995,2462.719971,83.258224
35820.179688,27811.000000,84409.445312,45665.359375,28179.000000,106204.093750,871.100037,2192.319824,83.869568
37099.980469,24841.000000,97877.875000,45086.078125,25821.000000,114432.484375,691.919983,1689.999878,84.598564
57965.460938,43159.000000,88019.296875,58717.359375,34167.000000,112626.242188,840.720032,2803.839844,84.635773
24268.009766,18743.000000,84854.515625,26647.919922,13299.000000,131318.000000,1035.400024,2089.359863,85.034958
48936.550781,42039.000000,76288.820312,43215.117188,26835.000000,105539.257812,912.640015,2874.559814,85.859482
59133.871094,54058.000000,71689.617188,40381.117188,24602.000000,107569.187500,505.920013,1812.719971,86.023376
34508.781250,25461.000000,88824.773438,37048.957031,22805.000000,106469.656250,685.720032,2333.760010,86.078674
76268.968750,57598.000000,86780.148438,59148.957031,36510.000000,106173.273438,1688.260010,4748.639648,86.108841
87151.218750,70281.000000,81267.234375,51092.078125,32269.000000,103764.304688,1900.300049,2741.439941,86.704109
22368.851562,13839.000000,105929.976562,28426.318359,17403.000000,107047.484375,186.000000,598.000000,86.736275
24670.121094,13667.000000,118298.164062,50802.957031,24567.000000,135524.187500,832.039978,2924.479980,86.778511
36199.382812,24747.000000,95864.664062,32685.119141,17883.000000,119781.460938,974.020020,2285.919922,86.950455
37968.980469,31429.000000,79173.218750,21832.718750,16529.000000,86564.773438,228.160004,1197.039917,87.017815
22141.330078,14874.000000,97556.421875,25752.478516,14826.000000,113834.789062,1514.040039,1411.279907,87.876526
31129.951172,25634.000000,79586.976562,42448.636719,20582.000000,135162.468750,538.160034,2396.159912,88.125893
44596.292969,38375.000000,76160.593750,24223.679688,18679.000000,84989.726562,411.679993,1024.399902,88.964493
18849.400391,15394.000000,80246.484375,32028.878906,11686.000000,179620.453125,182.279999,1106.559937,89.571815
36209.652344,25211.000000,94127.000000,46114.636719,27787.000000,108761.968750,935.580017,3462.159912,89.595947
61804.863281,42614.000000,95049.593750,58670.558594,29794.000000,129053.960938,856.220032,3668.079834,89.614044
51325.511719,45941.000000,73217.148438,27101.359375,19633.000000,90465.781250,497.239990,1467.439941,90.367180
23235.480469,21824.000000,69774.578125,26484.638672,23456.000000,73998.007812,331.700012,244.399994,91.042877
81486.921875,69315.000000,77044.328125,57875.996094,35987.000000,105398.101562,2030.500000,5066.879883,91.218842
28037.890625,20158.000000,91154.429688,25764.958984,18830.000000,89672.460938,609.460022,2914.079834,91.291237
25528.851562,18818.000000,88907.359375,26048.878906,16946.000000,100739.960938,950.460022,2058.159912,91.830193
48724.832031,44611.000000,71579.445312,21607.039062,18583.000000,76200.765625,297.600006,3358.159912,92.102684
23506.451172,15453.000000,99690.601562,26638.558594,17449.000000,100050.703125,583.419983,1101.359985,93.010658
40538.851562,34917.000000,76087.695312,55927.039062,28997.000000,126400.476562,777.479980,2595.839844,93.263046
34004.761719,21906.000000,101731.765625,28591.679688,17574.000000,106622.531250,1264.180054,1524.639893,93.427940
70242.851562,62999.000000,73071.562500,24939.199219,19907.000000,82102.554688,721.059998,1540.239990,93.890480
87753.203125,74942.000000,76739.273438,51772.238281,31658.000000,107174.976562,678.280029,2332.719971,94.287651
20156.849609,12807.000000,103146.656250,42092.957031,15523.000000,177710.750000,484.839996,2168.399902,94.383179
40848.531250,33843.000000,79102.015625,61871.675781,29287.000000,138451.265625,491.040009,2060.239990,94.515907
15275.440430,14427.000000,69390.125000,43465.757812,36831.000000,77341.695312,2873.080078,501.279968,95.891441
28112.150391,24331.000000,75720.609375,26110.238281,17883.000000,95686.437500,494.760010,2260.959961,96.439445
80008.835938,71133.000000,73713.460938,39197.597656,24985.000000,102815.843750,478.019989,2177.760010,96.730042
43278.570312,33943.000000,83560.796875,33307.039062,20227.000000,107915.671875,624.340027,1693.119995,96.756180
42778.500000,36664.000000,76465.515625,43613.437500,23912.000000,119532.046875,394.940002,1654.639893,97.331337
35956.851562,25870.000000,91088.843750,36160.796875,21082.000000,112410.304688,704.320007,1176.239990,97.542488
21219.400391,15435.000000,90096.187500,36294.957031,16847.000000,141189.890625,1399.959961,3695.119873,97.905487
68044.281250,57482.000000,77578.195312,70338.320312,47070.000000,97932.695312,1696.940063,4898.399902,98.016090
64698.632812,50091.000000,84647.734375,49004.796875,26527.000000,121068.281250,614.419983,1956.239868,98.534927
51016.621094,44188.000000,75663.648438,51495.597656,29464.000000,114540.312500,974.020020,4696.639648,98.813461
57000.082031,46770.000000,79870.796875,56090.316406,36210.000000,101517.125000,1141.420044,2509.520020,99.047737
38008.480469,32571.000000,76476.734375,28767.439453,20139.000000,93614.531250,646.660034,2025.919922,99.413750
35089.429688,33647.000000,68345.492188,20135.439453,14923.000000,88427.000000,433.380005,1287.519897,99.705345
80661.375000,68991.000000,76621.937500,45153.679688,34011.000000,87006.906250,1016.799988,2011.359985,99.936615
44398.000000,39591.000000,73493.148438,36189.917969,26839.000000,88369.257812,998.820007,2542.799805,100.053253
33373.550781,24479.000000,89348.789062,38958.398438,21723.000000,117533.390625,1199.699951,3532.879883,101.037651
29421.970703,26544.000000,72641.585938,39856.957031,22260.000000,117343.468750,988.900024,3709.679932,101.154282
64998.042969,55199.000000,77170.093750,48409.917969,28911.000000,109736.515625,552.419983,3372.719971,101.283997
63358.000000,59559.000000,69716.250000,32749.599609,21703.000000,98893.132812,1406.160034,2102.879883,101.385551
31104.669922,24024.000000,84851.632812,21651.759766,15788.000000,89876.476562,796.080017,2059.199951,101.584641
33963.679688,26715.000000,83318.125000,36067.199219,12203.000000,193698.281250,1120.959961,1955.199951,102.382004
31349.570312,23765.000000,86451.734375,26122.718750,16421.000000,104255.437500,812.820007,1938.559937,102.454407
28105.830078,23291.000000,79083.921875,27743.039062,19695.000000,92316.210938,675.179993,2032.159912,103.807831
34876.921875,26029.000000,87813.367188,34634.078125,24157.000000,93959.468750,681.380005,6136.000000,104.395042
26197.980469,23651.000000,72593.585938,22434.878906,16471.000000,89265.507812,841.340027,1484.079956,104.399063
71186.109375,64267.000000,72591.734375,42077.359375,29103.000000,94752.500000,761.359985,3533.919922,104.918915
26539.259766,22454.000000,77459.554688,26182.000000,19506.000000,87965.937500,1395.619995,2186.079834,105.204475
36293.390625,25190.000000,94423.335938,58696.558594,24918.000000,154375.859375,833.280029,2129.919922,105.215538
73582.968750,66187.000000,72859.226562,70186.476562,49755.000000,92447.820312,828.320007,3479.839844,105.227600
51060.070312,39387.000000,84958.812500,54602.078125,30459.000000,117482.578125,809.100037,3031.599854,105.415634
50292.980469,41810.000000,78832.835938,63582.476562,31570.000000,131990.531250,1525.820068,3121.039795,105.588585
35569.750000,29247.000000,79703.875000,27102.398438,17787.000000,99858.484375,246.139999,865.279968,105.731369
34191.992188,30567.000000,73308.023438,27904.238281,17111.000000,106874.656250,1234.420044,2732.079834,106.342712
30494.000000,26110.000000,76539.820312,35092.718750,22298.000000,103140.929688,1985.239990,3143.919922,106.495552
27920.970703,22375.000000,81780.062500,24606.398438,13363.000000,120676.875000,296.360016,2395.119873,106.514648
27297.660156,26295.000000,68034.968750,25178.398438,17843.000000,92478.367188,599.539978,1795.039917,107.158180
25319.500000,19738.000000,84068.226562,27609.919922,16506.000000,109623.398438,655.960022,1763.839966,107.477936
33106.531250,25855.000000,83916.828125,33971.597656,21451.000000,103788.289062,597.059998,1567.279907,108.299431
90703.062500,71925.000000,82646.031250,68652.476562,36837.000000,122138.304688,2786.899902,4222.399902,108.463341
71846.554688,63567.000000,74072.015625,39447.199219,26683.000000,96886.101562,610.080017,1899.039917,108.675499
54240.613281,47361.000000,75055.703125,31665.917969,20197.000000,102750.781250,559.859985,1816.879883,108.681526
24404.679688,14231.000000,112387.406250,31526.558594,19223.000000,107481.906250,538.160034,2511.599854,109.115906
53736.589844,50503.000000,69732.117188,36136.878906,20871.000000,113471.632812,920.080017,1977.039917,109.761444
33195.800781,27031.000000,80482.406250,32380.398438,22183.000000,95662.539062,619.380005,2070.639893,110.112373
132514.609375,113398.000000,76584.039062,68451.757812,43986.000000,101988.242188,686.960022,2536.559814,110.202873
43803.132812,32563.000000,88157.789062,37603.277344,21395.000000,115184.320312,2263.000000,3658.719971,110.282303
30858.191406,19839.000000,101936.718750,31662.798828,20171.000000,102873.101562,940.539978,3292.639893,111.056541
27319.781250,19296.000000,92787.593750,25803.439453,16180.000000,104515.101562,297.600006,1699.359985,111.294853
18151.041016,13342.000000,89158.046875,37370.320312,20090.000000,121906.492188,688.200012,2410.719971,111.464783
34255.980469,25146.000000,89278.609375,53989.519531,25102.000000,140955.203125,679.520020,2304.639893,111.536171
49827.671875,44642.000000,73148.742188,43044.558594,30006.000000,94013.476562,1405.540039,3922.879883,111.819725
58362.042969,52922.000000,72272.687500,17647.759766,14250.000000,81162.359375,527.000000,1401.919922,112.012787
21535.400391,16050.000000,87934.210938,39534.558594,20614.000000,125688.210938,787.400024,2422.159912,112.264168
64294.152344,55966.000000,75288.242188,31955.039062,22314.000000,93851.648438,856.840027,1622.399902,112.440132
48122.062500,38446.000000,82030.062500,37492.000000,23118.000000,106284.093750,916.359985,2259.919922,112.468285
21983.330078,18007.000000,80007.742188,45425.117188,22183.000000,134201.000000,7703.500000,6556.159668,112.566818
90192.718750,66777.000000,88516.570312,72066.796875,28361.000000,166530.437500,1305.099976,3522.479980,112.843338
32107.970703,24310.000000,86558.125000,37792.558594,22566.000000,109756.851562,961.000000,3156.399902,113.414459
36934.871094,29810.000000,81199.726562,27384.238281,15686.000000,114411.156250,846.919983,1294.799927,114.017769
33476.250000,16758.000000,130916.546875,27607.839844,10610.000000,170528.515625,1555.579956,3142.879883,114.156525
50407.531250,44031.000000,75026.859375,33767.757812,23599.000000,93775.320312,944.260010,2111.199951,114.511482
37840.210938,23935.000000,103609.609375,35498.320312,21627.000000,107570.085938,461.279999,1802.319946,114.572815
38330.800781,29525.000000,85082.046875,43304.558594,27301.000000,103952.515625,492.279999,1795.039917,115.288734
60243.820312,55026.000000,71750.429688,39172.636719,25350.000000,101270.929688,858.700012,1818.959961,115.881989
24151.880859,18570.000000,85235.195312,25878.318359,16926.000000,100198.609375,476.779999,1906.319946,115.919189
49250.179688,44326.000000,72816.406250,23077.599609,16962.000000,89164.812500,799.799988,2106.000000,116.110237
61217.890625,43744.000000,91714.882812,59838.476562,33668.000000,116477.796875,867.380005,3181.359863,116.269112
32429.500000,23420.000000,90747.218750,27021.279297,20140.000000,87927.828125,1509.079956,2193.359863,116.408867
18939.460938,16525.000000,75111.445312,36886.718750,19405.000000,124576.554688,270.940002,2298.399902,116.485291
28902.150391,26362.000000,71850.820312,25607.919922,16618.000000,100989.320312,1233.180054,985.919983,116.788956
48223.972656,41892.000000,75441.765625,34781.757812,22852.000000,99748.695312,1033.540039,2260.959961,116.983017
23702.371094,19894.000000,78081.773438,22225.839844,16262.000000,89570.320312,540.020020,1493.439941,118.137344
37849.691406,36795.000000,67414.523438,19973.199219,15515.000000,84367.625000,725.400024,1306.239990,118.713501
31329.820312,24091.000000,85228.140625,51638.078125,23147.000000,146202.671875,1012.460022,3662.879883,119.027222
57915.691406,50251.000000,75532.085938,22882.080078,17659.000000,84919.867188,538.160034,966.159973,119.341942
24468.669922,14162.000000,113231.093750,44919.679688,21618.000000,136176.171875,889.080017,2851.679932,119.526962
34634.390625,29430.000000,77125.367188,40317.679688,21654.000000,122021.773438,399.899994,1571.439941,120.105125
71393.093750,57547.000000,81304.289062,34804.640625,22495.000000,101398.398438,978.979980,2346.239990,120.130264
59263.429688,38503.000000,100872.359375,62618.398438,29607.000000,138607.750000,2984.679932,6488.559570,120.608887
40724.500000,30299.000000,88086.101562,42177.199219,19931.000000,138684.703125,1554.959961,3299.919922,120.719490
22580.570312,14400.000000,102766.687500,28427.359375,13700.000000,135986.531250,324.260010,1764.879883,121.011086
93869.382812,79347.000000,77530.648438,59485.917969,36691.000000,106251.375000,3783.860107,2445.039795,121.570160
64401.589844,58495.000000,72153.562500,22127.039062,16795.000000,86342.234375,270.320007,1028.559937,121.888893
41130.562500,31779.000000,84821.179688,30646.718750,18035.000000,111364.757812,119.040001,1295.839966,121.908005
22138.169922,15975.000000,90819.859375,55424.718750,23011.000000,157851.218750,1110.420044,2254.719971,121.908005
58614.839844,48826.000000,78674.929688,33811.437500,23834.000000,92970.812500,1230.079956,3222.959961,122.208656
51743.421875,39915.000000,84956.960938,66235.515625,31519.000000,137720.453125,1109.800049,3070.079834,122.386627
46798.019531,41927.000000,73149.882812,25208.558594,16487.000000,100204.289062,566.679993,1230.319946,122.626945
25686.060547,23655.000000,71163.046875,27796.078125,14823.000000,122893.054688,1111.660034,2431.520020,123.206116
23525.410156,17940.000000,85939.875000,37011.519531,22688.000000,106910.562500,1391.900024,2271.359863,123.464531
38006.109375,34113.000000,73015.226562,18712.718750,13445.000000,91212.843750,2316.939941,1763.839966,124.023605
31156.021484,25351.000000,80542.820312,30549.998047,20083.000000,99692.507812,803.520020,2163.199951,124.275978
32671.240234,29475.000000,72642.664062,46609.679688,22343.000000,136714.500000,1432.820068,3218.799805,124.418762
18278.230469,11714.000000,102260.718750,37862.238281,19042.000000,130308.765625,748.340027,3487.119873,124.448929
35035.710938,27595.000000,83207.117188,45982.558594,27707.000000,108763.601562,1196.599976,4250.479980,124.755608
96158.015625,86930.000000,72492.945312,50951.679688,36006.000000,92739.250000,1060.820068,4065.359863,125.677666
30698.611328,18937.000000,106239.859375,38432.160156,20637.000000,122047.296875,4704.560059,3010.799805,125.861671
51182.519531,46114.000000,72739.250000,45054.878906,27554.000000,107161.085938,746.479980,2678.000000,125.902893
13532.700195,8857.000000,100133.125000,44609.757812,22253.000000,131377.562500,1529.540039,2489.760010,126.174377
45099.519531,35107.000000,84189.539062,35300.718750,25779.000000,89742.335938,694.400024,3201.119873,127.941063
24735.691406,17923.000000,90446.820312,28479.359375,16727.000000,111581.476562,1406.160034,2905.760010,127.989326
18280.599609,13894.000000,86226.968750,37347.437500,21234.000000,115268.039062,497.860016,2052.959961,128.375443
33569.472656,31486.000000,69872.609375,41576.078125,25802.000000,105601.492188,1496.680054,2494.959961,129.645401
55419.292969,53014.000000,68509.429688,33417.277344,23302.000000,93984.835938,642.320007,1278.159912,129.667526
45315.980469,31775.000000,93464.296875,21834.798828,15679.000000,91266.367188,550.559998,906.879944,130.031525
41121.082031,37939.000000,71032.742188,19904.558594,14839.000000,87907.882812,318.059998,909.999939,130.151169
58788.640625,48870.000000,78837.171875,22999.599609,15426.000000,97711.773438,578.460022,1468.479980,130.874130
53362.921875,47150.000000,74171.632812,23647.519531,19626.000000,78964.835938,1279.060059,2104.959961,131.023956
69340.671875,61194.000000,74260.710938,38138.878906,24090.000000,103755.492188,540.640015,1725.359985,131.067200
27913.861328,24324.000000,75208.148438,22639.759766,15332.000000,96772.710938,695.020020,1795.039917,131.111435
65665.593750,56763.000000,75814.531250,45638.316406,27615.000000,108308.984375,842.580017,2704.000000,131.270309
29058.570312,21501.000000,88571.812500,33311.199219,22953.000000,95111.000000,600.780029,2400.319824,132.037521
59668.703125,50463.000000,77491.398438,29756.478516,20879.000000,93401.054688,455.080017,1822.079956,132.482956
57896.730469,48571.000000,78119.046875,29312.398438,21371.000000,89888.976562,1164.359985,2923.439941,133.274292
24676.441406,18627.000000,86819.960938,51376.000000,22055.000000,152662.765625,2330.580078,4892.159668,133.837372
27548.089844,23395.000000,77169.976562,27658.798828,17303.000000,104759.125000,238.699997,1786.719971,134.887131
34966.191406,26147.000000,87640.820312,25481.039062,16019.000000,104246.546875,1055.859985,2783.039795,135.022873
42073.820312,33063.000000,83396.843750,62481.117188,31747.000000,128981.085938,921.320007,2829.839844,135.116379
38254.960938,29694.000000,84430.429688,56412.718750,31066.000000,119006.757812,1748.400024,3422.639893,135.151566
45629.609375,41075.000000,72802.976562,19568.638672,14967.000000,85685.195312,437.720001,969.279968,135.476364
38040.082031,31238.000000,79806.476562,53460.156250,27574.000000,127060.453125,1106.079956,3575.519775,136.236526
128432.671875,109592.000000,76802.718750,69442.875000,41752.000000,109000.968750,1372.060059,4895.279785,136.274719
76920.718750,71894.000000,70118.171875,57080.398438,36374.000000,102843.273438,860.559998,2753.919922,136.458740
37882.082031,33942.000000,73143.609375,36816.000000,22210.000000,108634.554688,575.359985,2097.679932,136.694031
77856.085938,72842.000000,70047.179688,42039.917969,30670.000000,89831.375000,480.500000,2052.959961,137.227951
31128.371094,21208.000000,96191.492188,33006.480469,20760.000000,104196.187500,854.979980,2694.639893,137.448166
17847.679688,17359.000000,67380.937500,38112.878906,35151.000000,71058.171875,135.779999,391.039978,138.002197
29220.521484,25740.000000,74397.671875,43132.957031,26968.000000,104819.101562,38879.582031,4984.719727,138.872971
82284.031250,73225.000000,73643.789062,27057.679688,19869.000000,89247.179688,594.580017,1516.319946,139.443100
60832.371094,54249.000000,73489.109375,43815.199219,32365.000000,88721.554688,1226.979980,2438.799805,140.440552
100713.945312,79450.000000,83076.007812,78820.554688,43006.000000,120113.093750,1899.680054,5914.479980,140.533066
38251.011719,18770.000000,133554.531250,57102.238281,23522.000000,159095.843750,1446.459961,4113.199707,140.736176
32475.320312,22987.000000,92587.234375,32031.998047,21423.000000,97990.429688,977.119995,3237.519775,140.964432
62515.070312,42119.000000,97271.726562,65275.597656,29475.000000,145136.625000,1531.400024,3184.479980,142.219299
60646.722656,49927.000000,79607.093750,48639.757812,32659.000000,97604.195312,667.739990,2124.719971,142.306778
64415.812500,44863.000000,94098.804688,65533.519531,34143.000000,125788.750000,1167.459961,3199.039795,142.431458
56008.632812,39155.000000,93744.914062,39620.878906,21379.000000,121455.359375,1488.000000,2276.559814,142.660721
28220.380859,17826.000000,103750.195312,23296.000000,17990.000000,84865.296875,359.600006,3213.599854,142.842712
50745.652344,42822.000000,77662.585938,46377.757812,22146.000000,137244.312500,3519.739990,3608.799805,142.944275
34787.652344,21710.000000,105013.523438,50643.839844,19994.000000,165999.546875,4346.819824,2946.319824,143.020691
26307.000000,20251.000000,85134.343750,50390.078125,19791.000000,166861.921875,1528.920044,2629.119873,143.064926
68368.968750,59006.000000,75935.148438,51502.878906,33134.000000,101867.953125,1380.119995,1789.839966,143.557632
138253.953125,109119.000000,83034.218750,71295.117188,46303.000000,100909.156250,2208.439941,5194.799805,143.752701
34696.800781,23080.000000,98522.070312,52928.718750,35596.000000,97447.367188,1583.479980,31667.998047,143.948776
26541.630859,21918.000000,79360.906250,30093.439453,17514.000000,112607.265625,479.880005,1360.319946,144.085526
32064.521484,26790.000000,78438.984375,47925.277344,27074.000000,116009.125000,2046.000000,2682.159912,144.095581
41743.601562,32483.000000,84219.703125,39954.718750,23143.000000,113143.179688,1501.640015,2220.399902,144.244400
35873.109375,28418.000000,82728.562500,33761.519531,18802.000000,117678.710938,680.760010,1465.359985,144.331879
18230.830078,16363.000000,73016.914062,50369.277344,39515.000000,83537.921875,551.799988,1044.159912,144.477676
25741.361328,24647.000000,68445.890625,23845.119141,16583.000000,94235.890625,776.859985,2422.159912,144.550079
56970.062500,53279.000000,70076.210938,21173.359375,16027.000000,86579.976562,696.260010,1232.399902,144.638550
30968.000000,28446.000000,71346.375000,32123.519531,23502.000000,89577.359375,385.019989,1250.079956,144.768265
22958.191406,13910.000000,108165.929688,40693.117188,20230.000000,131827.203125,777.479980,2590.639893,144.876862
25508.310547,13254.000000,126128.921875,38415.519531,17366.000000,144972.906250,1833.959961,2396.159912,146.653595
47403.953125,45487.000000,68297.882812,26087.359375,18735.000000,91254.937500,616.900024,1633.839966,147.073898
71322.781250,61906.000000,75504.953125,43567.679688,29030.000000,98355.203125,833.280029,2006.159912,147.291092
51519.851562,39198.000000,86137.171875,36848.238281,21482.000000,112414.398438,732.220032,2736.239990,147.478119
47760.242188,32091.000000,97535.601562,65110.238281,33899.000000,125875.820312,2841.459961,7036.639648,147.590744
42839.332031,30779.000000,91215.390625,37515.917969,20555.000000,119612.906250,1119.099976,3348.799805,147.884354
38076.421875,35500.000000,70292.289062,23045.359375,16008.000000,94346.617188,936.820007,1907.359985,148.622391
71297.500000,58310.000000,80132.968750,52100.878906,34338.000000,99437.445312,419.119995,2805.919922,149.427811
109903.226562,101755.000000,70783.914062,68579.679688,46651.000000,96341.726562,1573.560059,4583.279785,149.855148
53535.929688,35739.000000,98170.921875,44281.117188,29423.000000,98630.578125,2042.280029,3817.839844,151.122086
39759.121094,29434.000000,88525.304688,43664.398438,26254.000000,108996.343750,963.479980,2452.319824,151.314133
70967.281250,62302.000000,74651.085938,57609.757812,38654.000000,97674.578125,712.380005,2472.079834,151.368439
43516.359375,33962.000000,83972.921875,32951.359375,22846.000000,94524.218750,515.220032,1498.639893,151.616791
55372.679688,47690.000000,76093.601562,45480.238281,27338.000000,109027.460938,584.039978,2875.599854,151.992859
29677.140625,23550.000000,82586.875000,49501.917969,24094.000000,134645.875000,1518.380005,2757.039795,152.238205
26570.070312,19754.000000,88149.046875,25440.478516,19422.000000,85844.265625,66.340004,504.399994,152.555939
37384.382812,31294.000000,78290.507812,55607.757812,34030.000000,107091.093750,829.559998,3723.199951,153.513184
26163.220703,19971.000000,85856.132812,23535.199219,14643.000000,105333.804688,716.720032,2182.959961,153.843994
54901.839844,49326.000000,72944.226562,27146.078125,18878.000000,94239.093750,362.700012,1160.640015,153.877182
99019.390625,90100.000000,72023.695312,46108.398438,33168.000000,91104.671875,427.179993,2187.119873,153.964661
27430.380859,14503.000000,123952.101562,44591.039062,24983.000000,116972.273438,1551.239990,4437.679688,153.974716
102372.156250,91190.000000,73572.335938,70878.078125,41318.000000,112422.328125,1832.719971,5291.520020,154.775101
55053.523438,48986.000000,73653.445312,27361.359375,20810.000000,86167.906250,424.080017,1371.760010,155.705200
64666.242188,56598.000000,74878.398438,47483.277344,27478.000000,113249.289062,851.260010,2767.439941,155.936462
30551.669922,22410.000000,89345.578125,24471.199219,16478.000000,97326.414062,786.780029,1323.919922,156.784119
34462.171875,28798.000000,78426.039062,57600.398438,30826.000000,122458.304688,925.660034,3460.079834,157.031464
27530.710938,19711.000000,91535.312500,33381.917969,21387.000000,102291.929688,593.960022,2010.319946,158.567886
23726.070312,19563.000000,79482.273438,29110.638672,20367.000000,93670.875000,1998.260010,3082.559814,158.995224
39810.472656,33738.000000,77331.765625,24914.238281,18058.000000,90418.625000,344.720001,1994.719971,159.018356
73377.570312,65771.000000,73115.398438,54420.078125,30571.000000,116662.007812,1155.680054,2881.839844,159.928345
23058.521484,16579.000000,91149.242188,46787.519531,20023.000000,153137.234375,914.500000,2276.559814,159.945435
26404.169922,16206.000000,106776.734375,34093.277344,21614.000000,103374.523438,993.859985,2790.319824,160.094254
28777.330078,25276.000000,74614.304688,34889.917969,20588.000000,111062.054688,1336.719971,3098.159912,160.303391
23088.541016,19888.000000,76082.585938,43488.636719,23024.000000,123786.984375,799.799988,1550.639893,160.568848
46266.351562,32502.000000,93290.000000,48139.519531,25286.000000,124767.523438,1659.739990,4785.040039,160.595993
40973.351562,38375.000000,69973.414062,28976.478516,20163.000000,94182.539062,1204.040039,2914.079834,160.759903
18687.451172,14878.000000,82316.218750,38430.078125,28062.000000,89749.617188,226.300003,19269.119141,160.820236
56296.191406,35297.000000,104525.242188,41472.078125,22113.000000,122910.242188,1054.619995,4261.919922,160.970047
24129.759766,21243.000000,74441.843750,36141.039062,20523.000000,115409.015625,871.100037,2012.399902,161.289795
18238.730469,9199.000000,129937.320312,33913.359375,16367.000000,135794.328125,982.080017,2147.599854,161.386337
63606.851562,58822.000000,70867.000000,42800.160156,25538.000000,109834.421875,1120.959961,3251.039795,162.674393
27834.070312,26158.000000,69735.203125,26917.279297,20414.000000,86413.773438,371.380005,1425.839966,162.953918
36283.910156,16611.000000,143152.265625,37484.718750,13863.000000,177205.406250,362.080017,1198.079956,162.970016
26386.000000,22902.000000,75505.765625,40932.320312,20818.000000,128856.781250,895.280029,3668.079834,163.889038
110873.343750,94107.000000,77212.070312,58395.996094,39375.000000,97194.671875,1044.699951,4049.759766,164.193710
67979.500000,62534.000000,71242.921875,33239.437500,24514.000000,88862.687500,419.739990,1547.519897,164.274155
31990.261719,25706.000000,81557.375000,33599.277344,19966.000000,110285.601562,724.780029,1839.759888,164.345551
48430.953125,36282.000000,87480.593750,43091.359375,23642.000000,119449.937500,2511.000000,4968.079590,164.559723
27440.650391,18318.000000,98173.953125,48725.039062,26030.000000,122675.539062,747.099976,3091.919922,164.690430
78391.703125,69481.000000,73940.765625,28229.759766,20105.000000,92020.171875,1235.660034,1918.799927,165.113754
73037.875000,64058.000000,74723.070312,37654.238281,24698.000000,99915.304688,558.619995,1919.839966,165.221344
40512.781250,38603.000000,68778.218750,20703.279297,16655.000000,81465.640625,3307.699951,1625.519897,165.639633
51736.312500,45782.000000,74059.484375,53572.476562,32198.000000,109041.734375,804.760010,4518.799805,166.191650
47984.601562,38374.000000,81949.210938,46949.757812,26486.000000,116170.796875,1092.440063,1722.239990,167.039307
34783.699219,24626.000000,92568.203125,31471.439453,17250.000000,119565.921875,678.900024,1312.479980,167.437485
26762.830078,21355.000000,82131.992188,24790.478516,18031.000000,90104.195312,868.000000,2366.000000,168.377640
22683.271484,18306.000000,81206.757812,38053.597656,19094.000000,130610.687500,1146.380005,1936.479980,168.475159
25090.400391,24290.000000,67695.539062,21019.439453,14658.000000,93978.031250,834.520020,1557.919922,168.942734
104644.195312,92662.000000,74010.507812,61717.757812,37154.000000,108864.054688,1012.460022,2861.039795,169.962326
40679.472656,35471.000000,75159.148438,21970.000000,15371.000000,93671.593750,216.380005,1324.959961,170.064896
59950.730469,54161.000000,72541.703125,21497.839844,16581.000000,84969.687500,290.160004,953.679993,170.116165
53020.062500,45622.000000,76163.320312,66890.718750,42194.000000,103895.117188,1124.680054,5604.559570,170.446991
15855.300781,12322.000000,84328.273438,42098.160156,16322.000000,169032.296875,307.519989,1897.999878,170.841141
57425.101562,55849.000000,67385.468750,37726.000000,21689.000000,113993.781250,745.859985,2502.239990,171.290588
39834.960938,21743.000000,120067.335938,45858.796875,26687.000000,112616.710938,794.220032,3088.799805,171.554047
44425.652344,39532.000000,73648.679688,25932.398438,19400.000000,87603.382812,864.280029,1480.959961,171.934113
88243.000000,70907.000000,81558.851562,61287.199219,35295.000000,113798.500000,3157.659912,5884.319824,173.245316
38647.589844,32786.000000,77252.742188,33584.718750,22502.000000,97813.890625,641.080017,2392.000000,173.486633
18578.429688,15660.000000,77749.421875,38538.238281,14984.000000,168555.937500,606.979980,1709.759888,173.828506
122711.492188,106347.000000,75620.570312,83265.515625,52795.000000,103359.953125,654.099976,3877.119873,174.363449
28710.181641,14199.000000,132512.890625,30741.359375,17283.000000,116569.210938,424.080017,1447.679932,174.489136
58764.941406,42430.000000,90766.414062,40024.398438,24282.000000,108024.007812,1159.400024,3465.279785,174.932556
65006.730469,52630.000000,80947.773438,64124.316406,34390.000000,122199.804688,1602.079956,3162.639893,175.934052
31308.490234,20619.000000,99511.781250,31433.998047,18043.000000,114174.953125,790.500000,1607.839966,176.206528
43527.421875,34145.000000,83544.101562,39564.718750,21269.000000,121910.453125,1090.579956,2114.319824,176.915421
29527.830078,28238.000000,68529.500000,37269.437500,21278.000000,114789.437500,1563.020020,2193.359863,176.960663
59431.703125,46279.000000,84161.632812,39886.078125,25347.000000,103127.554688,486.080017,1688.959961,177.089386
48910.480469,35698.000000,89792.070312,35939.277344,20982.000000,112254.140625,797.320007,3081.519775,177.193954
89189.421875,68402.000000,85452.445312,52039.519531,31762.000000,107375.546875,600.160034,2368.079834,177.473480
34771.851562,21255.000000,107212.804688,36006.878906,13331.000000,177012.000000,436.480011,1568.319946,177.556946
32649.121094,20691.000000,103411.765625,30356.558594,19315.000000,103000.132812,587.760010,2558.399902,177.813354
66615.171875,60026.000000,72730.015625,40943.757812,28266.000000,94929.953125,1098.640015,1881.359985,178.764557
23654.179688,18755.000000,82655.304688,39018.718750,23507.000000,108781.664062,408.580017,2088.319824,178.832932
24824.169922,16610.000000,97945.625000,37330.796875,23298.000000,105009.492188,872.340027,2341.039795,178.882187
22642.980469,20894.000000,71021.843750,38768.078125,17806.000000,142688.125000,980.840027,2752.879883,180.080765
25291.851562,20962.000000,79072.929688,47574.796875,19174.000000,162608.859375,523.280029,3081.519775,180.487000
69716.710938,60727.000000,75237.609375,68553.679688,34631.000000,129731.578125,2243.159912,3990.479736,181.273300
47372.351562,39767.000000,78069.617188,49385.437500,30647.000000,105606.554688,886.600037,3098.159912,182.203400
33571.050781,26918.000000,81733.882812,52631.277344,21570.000000,159909.296875,1633.700073,3582.799805,182.546280
32149.050781,24300.000000,86704.539062,58390.796875,38984.000000,98160.765625,1024.859985,30491.759766,182.736313
51477.191406,42722.000000,78966.562500,45617.519531,27506.000000,108688.648438,1126.540039,2897.439941,182.789612
40161.230469,39542.000000,66562.296875,43753.839844,28454.000000,100774.992188,572.880005,2238.079834,183.744858
94785.781250,80135.000000,77517.703125,48231.039062,32343.000000,97729.632812,1160.640015,3404.959961,185.318481
39944.769531,31764.000000,82414.695312,40516.320312,26228.000000,101238.281250,1296.420044,2970.239990,186.407425
90861.062500,76082.000000,78266.484375,34185.839844,24982.000000,89680.703125,193.440002,1642.159912,186.557251
53932.511719,47811.000000,73926.945312,33651.277344,24871.000000,88672.351562,442.059998,1523.599976,186.807632
54347.261719,42284.000000,84232.859375,56232.796875,32712.000000,112658.125000,4395.180176,5271.759766,186.960464
62160.363281,55239.000000,73747.562500,59865.519531,43959.000000,89250.140625,1117.859985,2716.479980,187.149506
25729.509766,17007.000000,99147.945312,40622.398438,24347.000000,109345.281250,681.380005,2226.639893,187.191727
38764.511719,29682.000000,85589.617188,47087.039062,28402.000000,108650.671875,1005.020020,2485.599854,187.490372
62105.062500,46020.000000,88442.351562,33991.359375,20464.000000,108857.398438,1854.420044,3791.839844,188.317902
50353.019531,39823.000000,82865.062500,47853.519531,27311.000000,114830.226562,508.399994,1848.079956,188.963455
39325.410156,31986.000000,80573.687500,31385.119141,20134.000000,102158.304688,1019.900024,1321.839966,189.000641
29612.361328,18390.000000,105528.851562,37295.437500,19138.000000,127714.171875,5820.560059,4157.919922,189.580811
43393.121094,36726.000000,77433.195312,51620.398438,31538.000000,107267.250000,1315.020020,6324.239746,189.730637
15471.360352,12519.000000,80991.382812,42323.839844,35139.000000,78936.085938,399.899994,2950.479980,191.138351
37533.691406,23206.000000,105998.789062,23500.878906,13490.000000,114170.031250,900.859985,1726.399902,191.359573
77811.843750,71906.000000,70918.664062,38397.839844,28642.000000,87858.421875,630.539978,1793.999878,192.097610
25690.009766,22018.000000,76465.640625,41123.679688,19030.000000,141622.781250,2590.979980,3255.199951,193.229813
29616.310547,23065.000000,84150.640625,53266.718750,22845.000000,152807.515625,2464.500000,4188.080078,193.677261
24941.880859,20507.000000,79708.937500,25708.798828,14715.000000,114498.937500,1380.739990,1472.639893,194.773270
31833.050781,25295.000000,82475.234375,45964.878906,28971.000000,103978.257812,1167.459961,2450.239990,195.135254
28697.541016,22283.000000,84401.648438,27105.519531,15823.000000,112266.148438,1320.599976,2817.359863,195.323303
82710.632812,78367.000000,69168.460938,50614.718750,33663.000000,98538.046875,583.419983,2655.119873,195.465073
45948.769531,34431.000000,87458.937500,33081.359375,21355.000000,101522.828125,1453.280029,2502.239990,195.767731
32527.460938,26778.000000,79607.125000,35159.277344,17758.000000,129755.507812,816.539978,1599.519897,195.868271
49239.121094,43866.000000,73563.468750,27263.599609,17070.000000,104671.781250,277.140015,1580.799927,195.903473
17418.710938,10687.000000,106816.945312,48303.839844,22491.000000,140751.437500,980.840027,2421.119873,196.294617
58290.152344,43054.000000,88728.195312,31130.318359,17774.000000,114783.203125,314.339996,1413.359985,196.360977
37848.902344,30043.000000,82563.851562,27049.359375,15115.000000,117281.296875,146.320007,949.519958,196.761185
30584.851562,24356.000000,82296.312500,33303.917969,16068.000000,135835.562500,2447.140137,2800.719971,197.126160
50673.761719,32891.000000,100968.531250,56173.519531,32955.000000,111709.546875,953.559998,2624.959961,197.185501
21463.509766,12898.000000,109058.195312,51394.718750,22498.000000,149711.281250,1815.979980,4570.799805,197.268967
54122.902344,42266.000000,83920.851562,41604.160156,21978.000000,124059.070312,1983.380005,3636.879883,197.862213
24995.601562,24874.000000,65856.390625,35659.519531,18362.000000,127272.757812,727.880005,2421.119873,198.327744
45947.191406,39615.000000,76011.500000,23660.000000,14927.000000,103877.664062,303.179993,724.879944,198.643478
57606.011719,47548.000000,79399.085938,36112.957031,19912.000000,118857.914062,887.220032,2023.839966,198.722916
64495.601562,53766.000000,78614.437500,32728.798828,22150.000000,96835.867188,967.820007,2109.119873,199.009491
24507.380859,18056.000000,88951.921875,38165.917969,22024.000000,113568.921875,2233.239990,12420.719727,199.435837
46940.222656,43510.000000,70702.703125,36420.796875,25586.000000,93288.257812,791.739990,2429.439941,199.489120
47311.519531,41602.000000,74530.257812,34616.398438,20006.000000,113396.992188,1979.660034,5057.520020,200.443344
42265.792969,37115.000000,74631.039062,30273.359375,17275.000000,114847.742188,554.280029,1682.719971,200.776169
51531.703125,44366.000000,76120.945312,28668.638672,21562.000000,87136.070312,2358.479980,1998.879883,201.125092
35218.992188,26875.000000,85883.242188,34208.718750,17355.000000,129179.062500,627.440002,2518.879883,201.866150
16687.960938,15435.000000,70855.992188,38897.039062,31243.000000,81591.281250,424.080017,835.119995,202.154709
23677.089844,18038.000000,86024.046875,48864.398438,35894.000000,89217.625000,403.000000,984.879944,202.339737
42801.410156,38878.000000,72149.632812,33616.957031,20698.000000,106441.250000,698.119995,1458.079956,202.471451
25561.240234,22246.000000,75302.593750,26495.039062,19014.000000,91321.070312,1299.520020,2074.799805,202.801270
37035.992188,31745.000000,76459.000000,48052.160156,24737.000000,127305.101562,1130.880005,3199.039795,202.827408
61290.570312,46459.000000,86457.710938,46663.757812,23243.000000,131573.203125,815.919983,2106.000000,203.140121
42337.679688,36582.000000,75847.195312,57246.796875,34514.000000,108701.570312,2022.440063,5071.040039,203.235641
46064.902344,40734.000000,74112.765625,31968.558594,17630.000000,118836.726562,680.140015,1602.639893,203.837936
29193.660156,26114.000000,73264.750000,47613.277344,39298.000000,79403.117188,282.720001,3600.479980,204.218033
81542.218750,75456.000000,70822.078125,35546.160156,24896.000000,93571.382812,1163.119995,2221.439941,204.312561
30330.470703,20482.000000,97048.031250,29085.679688,19282.000000,98856.914062,551.179993,2229.760010,204.381927
37363.050781,21874.000000,111942.265625,52820.558594,24646.000000,140454.781250,763.220032,3188.639893,204.765030
37899.460938,34762.000000,71450.992188,34428.160156,23150.000000,97463.664062,259.779999,6221.279785,204.772064
30723.890625,17418.000000,115600.007812,58073.597656,21166.000000,179812.500000,881.020020,3082.559814,206.290390
13734.940430,11697.000000,76954.179688,49975.117188,43633.000000,75061.750000,509.640015,695.759949,206.714706
39891.839844,31152.000000,83922.437500,41569.839844,23636.000000,115261.523438,747.720032,2171.520020,207.987701
20809.390625,13683.000000,99668.523438,52637.519531,24039.000000,143502.328125,639.220032,1756.559937,208.455261
46221.320312,34743.000000,87187.656250,51500.796875,24227.000000,139313.843750,1362.140015,4026.879883,208.578918
47660.703125,45713.000000,68328.304688,40216.796875,27585.000000,95546.414062,1364.000000,2460.639893,208.984146
44003.000000,37439.000000,77026.117188,50432.718750,28715.000000,115102.171875,837.000000,3198.000000,209.240555
43943.750000,32118.000000,89666.156250,48543.039062,26326.000000,120843.140625,5666.799805,123062.156250,209.768448
31623.701172,18927.000000,109499.171875,29888.558594,15439.000000,126871.992188,2886.719971,2289.039795,210.078140
33686.390625,25610.000000,86203.484375,47788.000000,26062.000000,120168.625000,4478.260254,3636.879883,210.445145
68313.671875,56406.000000,79371.070312,40572.476562,29538.000000,90018.203125,447.019989,1770.079956,211.192245
73462.890625,54699.000000,88017.406250,64374.957031,38091.000000,110757.859375,953.559998,2200.639893,211.314911
44558.371094,36382.000000,80264.351562,60433.359375,27422.000000,144430.046875,746.479980,1997.839966,211.541153
104237.343750,91519.000000,74643.507812,71160.960938,40719.000000,114531.414062,943.020020,2693.599854,211.605499
43876.601562,32030.000000,89775.125000,42606.718750,24378.000000,114540.734375,2250.600098,5073.119629,212.273163
13991.690430,13697.000000,66946.015625,41471.039062,37825.000000,71853.171875,567.299988,2958.799805,212.425995
31600.791016,24050.000000,86111.828125,37745.757812,25474.000000,97107.093750,1045.940063,2693.599854,213.758301
29071.210938,23791.000000,80081.164062,28957.759766,17483.000000,108549.781250,1835.820068,1987.439941,214.302292
78589.992188,70962.000000,72580.726562,49104.636719,37846.000000,85032.007812,1511.560059,3679.519775,214.950851
40436.152344,30830.000000,85956.000000,45658.078125,21294.000000,140520.687500,649.140015,2213.119873,215.014191
33082.832031,24771.000000,87526.398438,41525.117188,20419.000000,133277.343750,2606.479980,1901.119873,216.407822
34534.062500,21250.000000,106504.671875,20415.199219,11110.000000,120425.804688,869.239990,2215.199951,216.411850
16668.210938,11178.000000,97724.820312,46984.078125,16014.000000,192278.531250,823.359985,2711.279785,217.377136
68288.390625,59532.000000,75175.507812,37420.238281,27148.000000,90333.453125,717.960022,2470.000000,218.148376
52373.050781,48919.000000,70163.343750,27643.199219,19927.000000,90913.070312,789.260010,1426.880005,218.151382
37137.902344,23984.000000,101478.882812,34099.519531,22356.000000,99961.812500,810.960022,3946.799805,219.306717
47991.710938,36662.000000,85788.687500,27644.238281,20022.000000,90485.101562,367.660004,1451.839966,219.749130
41298.042969,35259.000000,76760.789062,52589.679688,29867.000000,115395.500000,489.800018,3607.759766,221.347900
32451.621094,29182.000000,72878.812500,23081.759766,14042.000000,107725.843750,397.420013,1977.039917,222.038666
25602.320312,18946.000000,88560.843750,39794.558594,20518.000000,127106.757812,280.860016,1499.679932,222.484116
29692.150391,21372.000000,91049.257812,54718.558594,37340.000000,96037.375000,1308.820068,34380.320312,224.201538
19721.560547,18229.000000,70901.984375,40458.078125,37329.000000,71029.515625,4802.520020,853.839966,224.447891
61493.601562,48329.000000,83387.718750,52272.476562,32301.000000,106056.437500,1338.579956,2810.079834,225.360886
45302.550781,42382.000000,70052.093750,35954.878906,20254.000000,116339.445312,522.039978,1983.279907,225.480545
93869.382812,80187.000000,76718.468750,78792.476562,47551.000000,108593.796875,925.039978,3765.839844,225.718842
37163.179688,27495.000000,88580.695312,40120.078125,20579.000000,127766.632812,368.899994,1618.239990,226.154236
15932.720703,10458.000000,99843.828125,46455.757812,29514.000000,103155.265625,10223.799805,68263.515625,226.750504
32648.330078,22961.000000,93185.875000,18510.958984,14241.000000,85186.031250,124.620003,706.159973,227.129578
28556.919922,24714.000000,75726.570312,28023.839844,20442.000000,89842.992188,218.860001,1146.079956,227.736908
21899.589844,15599.000000,92006.632812,26935.998047,19499.000000,90531.695312,611.320007,1889.679932,228.098892
25936.490234,14143.000000,120184.812500,32001.837891,7839.000000,262143.000000,791.739990,2444.000000,228.253738
23913.300781,17082.000000,91744.656250,33839.519531,20590.000000,107707.960938,362.080017,1771.119995,228.371384
58107.660156,47320.000000,80476.414062,56609.277344,31084.000000,119352.265625,714.859985,3215.679932,228.999817
26344.130859,23674.000000,72927.648438,26380.638672,17274.000000,100085.773438,583.419983,1711.839966,229.051102
53065.882812,34846.000000,99802.726562,62122.316406,31226.000000,130380.070312,3551.979980,28974.398438,229.598099
60852.121094,48094.000000,82921.039062,37749.917969,22510.000000,109905.750000,419.739990,1501.759888,229.621231
27978.640625,14167.000000,129428.125000,32431.359375,11331.000000,187575.828125,886.600037,1813.759888,229.976166
18007.259766,11074.000000,106567.070312,35383.917969,14022.000000,165377.312500,2683.979980,7546.239746,230.705170
34653.351562,26983.000000,84165.664062,45393.917969,28375.000000,104843.554688,1302.619995,2775.760010,231.547791
28338.880859,20027.000000,92735.656250,47043.359375,25883.000000,119114.234375,684.479980,2334.799805,231.867523
63495.460938,53206.000000,78209.953125,36969.917969,25714.000000,94223.398438,464.380005,2094.559814,233.650299
35020.699219,23339.000000,98338.265625,49324.078125,25199.000000,128279.007812,1917.040039,3122.079834,233.880569
63711.921875,56341.000000,74109.875000,26432.638672,19365.000000,89454.656250,401.760010,1269.839966,233.973068
82098.382812,72371.000000,74344.687500,37334.957031,27367.000000,89406.359375,814.059998,2006.159912,235.046967
71614.289062,65494.000000,71660.218750,46534.796875,28114.000000,108476.367188,1537.599976,2860.000000,235.462234
35866.789062,23322.000000,100787.492188,56215.117188,24686.000000,149239.000000,1359.660034,3446.559814,237.097198
36745.269531,28303.000000,85084.195312,34778.640625,22463.000000,101466.992188,599.539978,2320.239990,237.302307
13077.660156,9943.000000,86197.085938,47375.117188,22439.000000,138365.156250,771.280029,3671.199951,237.436050
39309.609375,31962.000000,80601.804688,34559.199219,21610.000000,104806.648438,884.739990,1930.239990,238.676849
20058.099609,14331.000000,91726.164062,36776.480469,16267.000000,148163.968750,1154.440063,3115.839844,238.744217
28779.701172,24406.000000,77280.445312,24352.638672,17046.000000,93627.507812,358.360016,8037.119629,238.902084
34949.601562,31747.000000,72147.203125,24342.238281,15139.000000,105376.382812,618.760010,1790.879883,240.411362
83974.632812,66034.000000,83341.320312,56352.398438,34738.000000,106313.281250,745.239990,2964.000000,240.794449
93892.289062,79643.000000,77261.343750,40753.437500,24555.000000,108768.781250,558.619995,2619.760010,241.634048
75855.804688,69630.000000,71395.742188,32169.279297,25262.000000,83455.234375,564.820007,1281.279907,241.925659
16856.230469,8949.000000,123442.843750,50746.796875,36833.000000,90292.453125,1247.440063,18250.958984,242.478683
56497.640625,45486.000000,81401.523438,63433.757812,39098.000000,106327.554688,1050.280029,3539.119873,244.372070
