"FSC-A", "FSC-H", "FSC-W", "SSC-A", "SSC-H", "SSC-W", "CD86", "CD206", "Time", "Event #"
41700.8,34918,78266.3,39710.2,27714,93903.6,8286.96,1581.66,0.644,10
35574.4,25500,91427.6,46128.7,34204,88384.2,762.12,757.5,1.223,21
39342.4,26684,96625.1,29896,20892,93780.6,3129.51,1386.73,1.556,29
30952,12346,164302,84919.8,27578,201802,13929.1,2792.65,1.65,32
65112,51739,82475.1,43431,27019,105344,5518.8,1979.6,2.275,43
94708,77199,80399.8,67565,43567,101635,31787.9,2795.68,3.505,55
99202.4,84890,76585.3,82158.5,48462,111104,40244.9,2594.69,4.201,69
43064,32431,87023,32271.5,24287,87081.4,1232.97,966.57,5.128,88
52347.2,44867,76462.1,60715.1,36119,110164,14551.8,1819.01,5.792,100
128356,96269,87379.5,86012.6,54441,103542,4385.11,4946.98,6.391,110
42957.6,33863,83137,38190.1,30023,83363.7,488.37,454.5,6.715,121
190633,152869,81725.6,90708.1,60821,97740,36986.2,3804.67,6.87,126
43999.2,33418,86286.8,67867,30718,144792,22214.6,3492.58,7.937,148
45413.6,27552,108022,129195,59072,143332,5694.73,2978.49,8.445,156
47990.4,32743,96054.1,61804.9,43287,93571.9,1049.01,902.94,8.99,167
97321.6,75051,84983.1,65737.9,33611,128178,8128.55,2329.06,9.015,169
99954.4,72035,90936.5,153576,62791,160289,35967.8,5467.13,9.419,179
34700,25938,87674.4,116924,41074,186559,21619,12876.5,10.234,191
55627.2,33982,107280,107665,41006,172071,4940.64,4100.6,11.156,211
43912.8,32123,89589.1,44421.8,22895,127156,58859.9,2143.22,11.196,216
20578.4,11842,113885,62286.7,37830,107904,279.59,1031.21,11.455,220
55316,40919,88594.3,74474.4,29783,163877,18024.4,4849.01,11.966,229
74000,45014,107737,188449,74066,166746,16544.7,6041.82,12.087,234
28418.4,19115,97432.8,56107.5,39803,92381.5,822.71,439.35,12.804,252
72044,50171,94107.7,62525.1,30975,132289,2575.44,3410.77,14.193,283
53015.2,40938,84869.9,64845,50142,84753,316.09,349.46,14.246,284
102206,86683,77272.3,89447.6,49007,119616,13017.4,7570.96,14.299,286
90976,69150,86221.3,78584.1,46366,111075,11450.8,6944.76,14.407,288
81629.6,69546,76922.9,102325,61338,109328,8803.07,5739.83,14.742,295
36739.2,31343,76819.1,38308.3,30399,82587.3,357.7,817.09,15.065,302
71848,58787,80096.5,60558.6,43299,91659.6,694.96,2146.25,15.109,305
135284,111263,79684.8,71701.9,51515,91217.3,79480.2,1599.84,15.118,306
32535.2,17062,124969,43927.9,23622,121872,1054.12,365.62,15.643,317
43432.8,32175,88466.6,39404.1,25807,100065,3393.77,948.39,15.798,322
20892.8,19630,69751.9,50573.7,42474,78033.6,62.78,191.9,15.8,323
64676,52867,80174.9,126789,53203,156180,83485,2946.17,15.887,326
38501.6,27311,92389.2,50298,25007,131816,6276.54,2050.3,16.144,334
62311.2,52539,77725.6,56878.1,43387,85914.4,50045.2,2404.81,16.312,337
63721.6,42059,99290.5,71324.2,41147,113600,3654.38,2943.14,16.628,341
48100.8,39142,80535.9,38403.2,25058,100439,5441.42,1170.59,16.688,343
38570.4,27047,93457.7,96964,40999,154995,23174.6,4094.54,16.969,348
32855.2,21328,100956,34505.6,18516,122130,1960.05,380.77,17.199,353
89554.4,71950,81571,45806.5,31866,94206.3,12902.8,1668.52,18.277,376
66640,40495,107848,193503,120427,105304,2576.9,12074.5,18.344,379
115691,90067,84181.1,54385.5,32791,108695,25670.5,3557.22,18.4,382
129487,107962,78602.4,85972.2,54314,103735,11439.1,4917.69,18.448,384
67359.2,50869,86780.8,67044.8,36325,120959,11985.1,2480.56,19.814,402
55717.6,45722,79863.3,50984.8,38110,87676.2,6430.57,2359.36,20.877,424
51363.2,31675,106271,53460.3,36347,96392.4,560.64,8403.2,20.973,428
65112.8,40582,105151,71272.7,30902,151153,47291.6,2674.48,21.342,442
77440,64255,78983.9,75345,55919,88302.9,3163.82,1730.13,21.508,446
53058.4,32514,106946,44048.1,28774,100325,1232.24,1111,21.539,448
161683,134107,79012.1,61150.4,40411,99169.9,54284.3,2500.76,22.764,471
83772.8,61172,89749.1,59009.2,43844,88204.3,1442.48,1019.09,22.932,477
91816,69519,86555.5,123268,50159,161058,66005.1,3762.25,23.479,496
59543.2,33174,117629,81362.6,25218,211443,14632.9,3163.32,23.847,507
120133,94764,83080.3,103867,48492,140375,15814,3562.27,23.975,510
57557.6,45630,82667,81146.4,37338,142429,8411.06,1779.62,24.337,519
68735.2,48623,92644,77411.5,49759,101956,25546.4,3075.45,24.783,527
73701.6,58855,82067.9,68422.5,52195,85911.2,11358.8,2673.47,25.045,533
95777.6,70300,89287.1,89044.6,45180,129164,28440.1,3657.21,25.603,546
89597.6,74577,78735.6,78816.4,46101,112043,20635.6,1760.43,25.613,547
63034.4,44315,93219.5,56235.8,41663,88459,986.23,958.49,25.624,549
58394.4,53970,70908.6,43133.1,36406,77645.7,957.76,716.09,25.717,552
28369.6,22750,81724.4,66859,30686,142791,27188.1,2883.55,25.793,553
56854.4,31513,118237,54004.7,24813,142637,2160.8,974.65,25.854,554
56268.8,47847,77071.3,72311,34147,138781,49544.4,2807.8,26.056,560
50745.6,27859,119375,65995.4,23219,186273,5662.61,2804.77,26.327,563
114629,87107,86242.4,216199,81587,173665,70204.1,9715.19,26.535,567
84490.4,57319,96602.6,60100.1,27671,142341,26662.5,9259.68,28.676,608
125299,110998,73979.8,74361.2,45302,107574,26977.9,2727,28.831,614
58771.2,41947,91821.3,65323.8,26523,161409,13294.8,2758.31,29.539,629
45052,34470,85655,41124.2,22114,121874,43902.9,2481.57,29.771,633
70144.8,50563,90916.5,196068,67827,189446,24119.9,2696.7,29.978,640
186108,154720,78831.3,172717,83248,135969,16451.3,8623.38,30.628,650
25355.2,10866,152925,89351.7,24230,241674,14659.9,2848.2,30.669,652
40903.2,27512,97435,78723.4,38856,132778,5897.67,2407.84,31.38,672
25442.4,13162,126682,39075.9,19834,129116,1027.11,477.73,31.58,676
65603.2,42946,100111,63825.9,24514,170633,4295.32,3909.71,32.404,694
90808.8,72882,81655.9,96700.4,57094,110999,9721.41,2368.45,32.48,696
103905,86986,78282.8,39641.5,28026,92697.7,18182.1,1507.93,32.959,706
36947.2,23238,104199,36579.2,26210,91463.3,1639.58,600.95,32.992,709
56800.8,38895,95706.3,85945.9,32095,175496,18204,5038.89,33.087,711
36262.4,26678,89080.6,76177.2,32182,155129,59668,4022.83,33.212,716
70875.2,52862,87868,74270.4,38442,126616,7750.41,3633.98,33.277,717
33780.8,24947,88742.5,44164.3,32343,89489.2,1078.21,1957.38,33.445,723
147831,109497,88479.7,138074,65081,139039,32030.2,4260.18,34.337,733
63789.6,47493,88023.8,90092,61925,95345.5,2995.92,1846.28,34.621,741
55910.4,50526,72520,27370,23934,74944.4,836.58,9747.51,35.022,750
60262.4,42907,92044.6,82335.2,39119,137936,71346.6,2714.88,35.086,752
71895.2,57046,82595.2,148249,55922,173735,9133.03,3997.58,35.277,758
78773.6,66226,77952.9,107127,46710,150303,8131.47,3180.49,35.349,760
74413.6,51690,94346.5,87842.7,30510,188688,52903.8,2800.73,35.922,767
67625.6,49531,89477.5,40045.5,24911,105352,2998.84,842.34,36.032,770
48116,29690,106208,103065,38270,176496,60584.2,10426.2,36.079,771
46382.4,28899,105184,67789.2,25207,176246,12053,3070.4,36.281,779
73165.6,45075,106378,85029.9,38355,145288,14672.3,4124.84,36.638,785
49144,42959,74971.5,44354.1,38703,75105.1,1253.41,429.25,37.982,810
60196,40499,97409.9,156704,63223,162436,19975.7,4278.36,38.546,822
69382.4,42059,108111,86340.9,28379,199388,12298.3,5541.87,39.201,830
26462.4,14351,120845,89911.2,26527,222129,9118.43,1818,39.736,842
71836.8,54460,86446.9,65762.1,37896,113727,37911.1,2923.95,40.452,856
57451.2,35738,105353,199545,75070,174202,24377.6,2793.66,40.942,866
34893.6,14144,161679,71413.1,22256,210286,26941.4,9021.32,40.989,869
80273.6,53770,97839.1,67971,37770,117939,9900.26,3685.49,41.086,873
56535.2,44197,83831.3,62082.7,33969,119775,4781.5,2644.18,41.578,891
44328.8,29706,97796.1,100326,30366,216525,78068.4,3603.68,41.723,894
60398.4,37291,106145,64943,34043,125021,2641.87,879.71,41.876,898
47664,44056,70903.1,39766.7,33944,76778,866.51,534.29,41.911,900
100098,74142,88479.5,104398,53822,127119,47890.9,4429.86,43.142,922
45309.6,37722,78718.3,137881,49066,184164,11055.9,1979.6,43.182,924
100368,89459,73527.7,54035,40195,88101.4,15778.2,3197.66,43.268,927
53828.8,32366,108995,82210,29370,183443,24859.4,23044.2,44.167,936
71923.2,45171,104349,41462.5,20323,133705,990.61,782.75,44.234,938
102382,84974,78962.2,68577,43882,102417,76671.9,2075.55,44.882,946
22144.8,14726,98552.3,43187.6,35574,79562.1,312.44,293.91,45.252,954
112324,93575,78667,72253.4,49303,96042.8,59579,1930.11,45.753,961
68236.8,59418,75262.8,69859.7,39194,116812,29870.1,4079.39,46.406,977
32725.6,23236,92300.9,55386.4,47092,77078.9,81.03,355.52,46.565,980
97360.8,84242,75741.8,34360.2,29206,77101.6,4854.5,2040.2,46.798,987
78721.6,68263,75576.8,38745.6,33111,76688.5,434.35,2719.93,46.978,992
94788.8,67172,92480.2,101302,55940,118679,13279.4,5320.68,47.03,996
42118.4,18671,147837,131236,31775,262143,37945.4,5067.17,47.711,1006
31083.2,18578,109650,38080,24150,103338,2563.03,1389.76,48.099,1016
24612.8,15650,103069,43114.9,21554,131093,8259.22,2787.6,48.148,1018
45132.8,38050,77735.2,31845.3,24838,84025,3326.61,2177.56,48.24,1021
109446,89151,80454.8,63062.4,38155,108318,11950.1,5712.56,48.372,1025
46718.4,37666,81286.5,37725.5,12082,204633,3446.33,1113.02,48.583,1029
47875.2,38797,80870.9,36384.2,26173,91104.5,1653.45,1255.43,49.575,1048
58868,33566,114937,94848.1,44890,138471,3058.7,2252.3,49.593,1049
82075.2,61955,86819.1,43811.8,25603,112145,16614.1,1300.88,49.765,1054
131546,115319,74757.6,67002.4,47267,92899.2,15330.7,2361.38,49.782,1056
119980,95663,82194.9,56029.8,44347,82800.8,1611.84,3521.87,50.017,1066
51892,41391,82162.6,37419.5,27307,89805.7,1394.3,1103.93,50.084,1068
50667.2,28743,115525,101106,49847,132928,8497.93,2918.9,50.223,1070
77695.2,67871,75022.2,89164.8,72767,80304.3,321.93,5897.39,51.946,1100
66848.8,40558,108018,95237.9,37262,167503,70307.8,2888.6,52.188,1107
84196.8,72925,75665.7,53997.6,43774,80842.2,1500.88,2694.68,52.269,1110
60024.8,40524,97073,106740,37832,184904,18615.7,2138.17,52.747,1117
95857.6,71379,88010.8,84282.5,34615,159571,3682.12,3737,53.478,1129
216152,178996,79140,104469,63808,107299,116845,6151.91,53.6,1132
118906,93803,83074.6,109497,52363,137043,34674.3,3969.3,53.648,1133
119885,101618,77316.7,60660.6,37074,107230,23195.8,4082.42,53.93,1139
113102,88867,83408.7,66859,42195,103843,33734,2001.82,54.438,1147
79476,51342,101448,103142,34554,195622,17574.8,4844.97,54.514,1152
79866.4,62434,83834.5,83464.4,45846,119311,11337.6,7587.12,54.598,1156
56084.8,48428,75897.7,34926.8,28760,79588.4,488.37,2002.83,55.303,1169
92996,64202,94928.3,121831,48174,165739,19267.6,8646.61,55.427,1174
75600,65146,76052.6,40105.1,33070,79477.7,2417.76,779.72,56.034,1183
78098.4,68123,75132.6,35818.6,30511,76936.5,499.32,1696.8,56.128,1187
95980,81985,76723.1,103611,55877,121521,30742.5,2102.82,56.377,1192
29511.2,11489,168339,131062,48213,178152,70393.9,4225.84,56.807,1202
70703.2,49979,92711,90406.1,39279,150840,130327,5329.77,57.111,1207
66391.2,52318,83164.8,70943.4,50442,92172.1,1069.45,1237.25,57.253,1211
27442.4,11726,153374,61209,21102,190095,6692.64,4105.65,57.719,1221
43360,29498,96333.3,101741,81182,82133,1930.12,14669.2,57.828,1224
27737.6,17413,104394,42246.3,20326,136212,13191.8,1874.56,57.967,1227
43487.2,22048,129262,70955.5,26580,174949,59683.3,2446.22,58.232,1237
51207.2,43951,76355.8,29203.1,21115,90639.7,779.64,1558.43,58.358,1245
71399.2,54782,85415.2,116582,59642,128103,10150.7,4090.5,58.702,1250
31578.4,24494,84491,35060.1,28382,80956.3,826.36,520.15,59.187,1262
97098.4,70173,90682.2,85926.8,47049,119690,13150.2,4883.35,59.277,1265
52956,29859,116230,137201,45431,197918,5854.6,2956.27,59.6,1275
58875.2,44031,87630.2,61223.2,30347,132215,33361,2872.44,59.726,1277
80212.8,58578,89740.6,55468.2,32598,111515,34716.6,3411.78,59.751,1279
51942.4,36067,94382.6,41668.6,23379,116805,1661.48,408.04,60.015,1287
90664.8,82621,71916.5,60934.3,38793,102941,20599.9,4038.99,60.023,1288
41364,36494,74281.6,43835,35214,81580.4,17668.9,2399.76,60.465,1299
41402.4,26986,100546,38857.7,20490,124284,6486.05,2143.22,61.155,1307
53170.4,38975,89405.4,82548.3,40827,132508,45477.5,2782.55,61.549,1317
74140,55919,86890.7,97169.1,37327,170602,14640.9,3703.67,61.651,1322
51464,33230,101497,105993,42458,163606,40220.1,2373.5,62.48,1342
37664,25518,96729.7,77221.6,32554,155458,11135.4,2129.08,62.949,1358
57990.4,42506,89409.9,43647.1,27022,105857,1991.44,1201.9,64.989,1402
30044,18115,108692,77108.5,20871,242124,5420.25,2728.01,65.889,1426
47504.8,30650,101575,32210.9,19882,106175,740.95,418.14,66.271,1438
52077.6,38428,88814.3,41571.6,26204,103970,1151.21,711.04,66.905,1449
39424.8,35126,73556.4,52466.5,38662,88936,1130.77,2942.13,67.58,1461
30160.8,13708,144194,71726.2,21912,214524,7183.93,1725.08,68.359,1477
134426,112807,78095.5,67062,41139,106832,18934.7,2684.58,68.519,1480
51072,29482,113529,27401.3,12782,140492,522.68,667.61,68.738,1484
40494.4,30337,87478.7,104462,42645,160536,12272.8,4107.67,69.034,1491
35373.6,22918,101154,34225.9,21250,105554,11207.7,1739.22,69.322,1497
36226.4,27982,84845,51728.2,26954,125772,6285.3,2596.71,69.967,1514
72155.2,54868,86184.4,127009,49348,168672,39215.6,4131.91,70.309,1519
40892,30658,87412.7,37691.2,18102,136456,26216.5,4647.01,70.337,1520
128050,92551,90673.4,108000,63923,110726,16409.7,2833.05,70.344,1521
54449.6,37918,94108.6,63555.3,45194,92161.7,9412.62,2800.73,70.658,1530
51564.8,39835,84833.7,27796.2,20271,89865,847.53,893.85,71.829,1556
46524.8,39342,77501.1,33669.4,25998,84874,3928.13,852.44,72.665,1570
47098.4,39061,79021,61179.7,33281,120473,105245,2874.46,73.077,1577
39970.4,36779,71222.7,31895.8,27499,76014.5,4014.27,993.84,73.684,1587
79860.8,60867,85986.8,128991,78659,107471,4629.66,5565.1,73.77,1590
33988,17317,128627,34433.9,19249,117235,9010.39,2503.79,73.951,1595
39512,26846,96456,43056.3,20974,134535,209.51,738.31,74.03,1600
33310.4,15623,139732,44098.6,16679,173275,928.56,417.13,74.215,1606
43318.4,27432,103489,71189.9,30316,153896,28840.1,1805.88,74.364,1608
39391.2,26654,96853.8,75183.4,41598,118448,8697.22,4894.46,74.383,1609
85679.2,71830,78171.7,133398,61714,141659,16870.3,3725.89,74.653,1614
38271.2,33586,74678.2,42204.9,29606,93424.9,9495.11,2769.42,74.719,1616
56398.4,45141,81879.6,60846.4,28565,139599,57848.1,20908,75.717,1635
15910.4,14225,73300.8,61622.1,55857,72300.1,44.53,61.61,75.76,1636
84900,71286,78051.9,109161,60870,117529,97670.4,2184.63,75.816,1639
206298,158216,85452.6,115774,71132,106666,8504.5,6003.44,76.873,1654
52233.6,31323,109287,37450.8,18639,131680,1971.73,1136.25,77.163,1662
27732.8,16062,113155,111315,77098,94621.8,730.73,711.04,77.454,1669
71349.6,58823,79492.2,58985,43799,88258.7,44444.6,1786.69,77.685,1674
145916,114546,83483.9,67731.6,50278,88286.3,28505,5863.05,77.722,1676
59619.2,49658,78682.3,47617.5,36222,86153.7,1487.74,547.42,77.83,1678
63492,49539,83994.7,36972.1,22615,107141,736.57,793.86,78.085,1684
67256,52666,83691.4,66295.4,47786,90920.7,14497.8,1727.1,78.085,1685
43160.8,39110,72323.9,40775.7,32434,82391.2,3299.6,2098.78,78.15,1686
54991.2,40374,89263,126957,50434,164973,15141.7,30836.3,78.46,1691
50906.4,36746,90790.9,90336.4,26510,223323,4450.81,2577.52,78.568,1693
52508,42207,81530.7,71193.9,33403,139681,67016.9,3403.7,79.282,1707
68688.8,58222,77317.7,47448.8,38862,80016.6,21837.2,3178.47,80.185,1724
82102.4,54687,98390.2,109056,51755,138094,14522.6,4473.29,80.345,1728
113922,86818,85995.6,66873.1,45574,96164.4,10146.3,2035.15,80.521,1729
149216,111867,87416.5,137003,70895,126647,8181.84,4441.98,80.528,1730
61171.2,46902,85474.3,69776.9,44226,103398,1296.48,1128.17,80.618,1732
38921.6,35459,71935.7,37526.6,30951,79459.1,21715.3,1657.41,80.817,1735
77559.2,59731,85096.9,53948.1,26727,132284,19810.7,5825.68,80.89,1736
42960.8,35187,80014.8,30730.3,16643,121008,4239.11,975.66,81.473,1745
70683.2,43347,106865,142639,60167,155368,36602.2,4952.03,82.986,1774
94287.2,85059,72646.1,39141.5,32163,79755.6,697.15,2029.09,83.173,1779
66652.8,43434,100570,92509.9,35518,170695,111921,3753.16,83.229,1783
40535.2,28106,94517.7,35148,20362,113125,401.5,3379.46,83.327,1785
91140.8,71287,83788.1,88445.7,42163,137475,10170.4,2672.46,83.537,1790
66089.6,38938,111234,66054,40298,107423,20980.2,8153.73,83.693,1793
28486.4,19670,94910.2,56076.2,23586,155813,16772.5,3042.12,84.442,1807
59433.6,45730,85174.7,56269.1,29778,123838,6074.33,1554.39,84.478,1809
41420,32902,82502.6,39970.8,31890,82142.5,1851.28,2373.5,84.482,1810
64924,46867,90785.8,51593.8,26115,129476,21296.3,1429.15,85.523,1829
62092.8,46783,86982.8,108391,43451,163484,12677.9,4861.13,85.597,1831
31179.2,25288,80803.5,41705.9,30104,90793.2,2582.74,591.86,85.735,1833
77403.2,54292,93433.6,104079,48160,141631,83150.6,5028.79,85.857,1835
43954.4,41259,69817.4,49903.1,39723,82331.4,7820.49,2439.15,86.999,1853
35419.2,24581,94432,113631,34454,216141,60772.5,4555.1,87.034,1854
48457.6,33890,93706.6,84110.8,37874,145543,6067.03,2449.25,89.438,1888
94118.4,72673,84875.3,190794,70789,176636,83679.2,6085.25,89.518,1891
45002.4,37137,79416.1,97427.6,50193,127209,162035,2263.41,90.509,1907
30338.4,19262,103222,42583.6,28378,98342.4,3360.92,2564.39,90.876,1911
94433.6,83267,74324.8,37379.1,27767,88222.6,6729.14,3559.24,91.327,1918
71284.8,48231,96861.4,57000.4,32675,114325,16341.1,3603.68,91.516,1921
27789.6,23222,78426.5,44007.7,29378,98171.8,1033.68,673.67,91.717,1923
36704,25969,92627.1,130960,56901,150833,7703.69,2359.36,92.014,1928
54652.8,32830,109099,63611.8,25210,165366,24066.6,1882.64,92.044,1929
34824,20559,111009,153029,46591,215254,33220.1,4262.2,92.999,1942
119552,99201,78980.7,59929.4,42693,91994.7,5577.2,1979.6,93.291,1947
59251.2,44173,87906.3,126428,54601,151748,8663.64,3282.5,93.381,1949
39740.8,22951,113479,38666.8,18483,137103,2304.61,930.21,93.98,1958
55828.8,30919,118335,52347.3,29699,115513,9265.89,3005.76,94.395,1968
54388,41742,85390.5,63106.8,36346,113789,25651.5,4182.41,95.113,1980
67748.8,46727,95019.7,99962.7,36659,178705,56134.1,16316.5,95.23,1985
57992.8,46992,80877.9,52639.2,30276,113944,83836.9,8608.23,95.558,1995
76436.8,58407,85766.5,58606.3,32739,117316,26508.5,1914.96,95.615,1997
63431.2,44774,92844.7,151770,81682,121770,291.27,1333.2,95.789,2002
53891.2,49463,71403.1,42564.4,38627,72216.4,319.01,1309.97,95.998,2005
44352.8,40007,72654.9,36460,30823,77521.4,732.19,638.32,96.041,2006
55970.4,31837,115214,61569.6,28409,142033,45781.2,12603.8,96.462,2009
40379.2,32937,80344,50472.7,30669,107854,3053.59,1443.29,96.639,2014
96732,86655,73157.1,45559.1,32139,92901.5,13378,1252.4,96.701,2018
72759.2,50195,94996.5,69954.6,50167,91385.7,1898,610.04,97.804,2050
50809.6,41446,80342.1,38852.7,31522,80776.9,1013.24,809.01,98.209,2055
79522.4,63472,82108.3,43648.2,28468,100482,23235.2,2634.08,98.342,2056
57051.2,45371,82407.4,86260.1,38143,148209,14510.9,3892.54,98.675,2061
105740,83262,83228.6,50764.6,37658,88345.4,9740.39,5786.29,99.129,2074
29234.4,24931,76848.3,39085,35299,72565,37.96,559.54,99.261,2079
83407.2,53003,103130,111698,38879,188282,90843.4,3686.5,99.645,2091
86425.6,64250,88155.5,111589,50938,143568,144724,2766.39,100.028,2097
48060,27392,114985,87740.7,36164,159003,9279.76,4266.24,100.624,2107
127147,102842,81024.5,93408.8,55354,110591,14895.7,4447.03,100.692,2110
87888,67402,85454.9,112259,48298,152326,67587.1,3982.43,101.35,2130
42168,32549,84903.4,83030.1,37969,143313,7205.83,3807.7,101.736,2137
60717.6,52375,75975,57780.1,30915,122487,4662.51,8463.8,102.27,2151
95174.4,80006,77961,65306.6,40466,105766,37497.9,2765.38,102.458,2156
85567.2,60814,92211.2,53059.3,26302,132207,50217.4,7124.54,103.066,2173
71351.2,62465,74859.1,25769.1,22133,76302.6,403.69,9727.31,103.136,2175
45176.8,27441,107894,37080.1,18581,130783,11376.3,4991.42,103.641,2183
28226.4,15110,122425,69807.2,24278,188437,107301,2842.14,103.792,2185
98548,81101,79634.6,42959.3,30669,91799,5012.18,1446.32,104.183,2200
51807.2,43202,78589.8,34762.2,26630,85549.2,1855.66,872.64,104.411,2203
36295.2,20855,114056,69593,35235,129441,35917.5,3274.42,104.415,2204
65459.2,52774,81288.8,51142.4,34786,96351,12574.2,3644.08,104.666,2208
45370.4,34586,85971,37411.4,27866,87985.1,1062.88,317.14,105.484,2224
43643.2,27231,105035,46451.9,26799,113597,1519.13,618.12,105.65,2230
59806.4,48518,80783.9,53057.3,37126,93658.5,993.53,412.08,105.765,2234
81408,55626,95911.2,64783.4,36074,117693,8993.6,3983.44,105.984,2238
37684.8,21126,116904,145155,69314,137243,421.94,262143,106.472,2248
33729.6,30211,73168.8,39039.5,21459,119227,1064.34,1061.51,106.477,2249
37603.2,32434,75980.9,45461.1,35026,85060.8,1265.82,569.64,106.71,2260
50597.6,30843,107511,50431.3,21515,153617,6710.16,2243.21,106.772,2261
70306.4,49206,93639,90954.5,40050,148834,12598.3,4787.4,107.17,2272
25451.2,12171,137045,69970.8,24267,188965,4439.86,1597.82,107.691,2283
129486,101425,83667.4,75189.5,54721,90049.8,232884,3251.19,108.184,2294
67476.8,53890,82059,56406.5,43442,85094,4877.13,1184.73,108.723,2299
19951.2,18173,71948.6,53152.3,46345,75162.1,1097.19,236.34,108.822,2303
29489.6,22160,87212.6,59543.5,26324,148239,45909,3120.9,109.577,2322
58629.6,47294,81243.9,42963.4,21742,129503,8794.31,2146.25,110.158,2330
39038.4,23430,109194,91130.3,27522,217001,9009.66,4391.48,110.229,2332
78564,62379,82540.1,34948,24623,93016.8,9300.93,1759.42,110.388,2335
86277.6,67531,83728.8,73791.6,34971,138286,11846.4,2071.51,111.961,2359
26772,18311,95818.4,40246.5,23795,110847,1145.37,550.45,113.561,2394
31583.2,12007,172386,73477.5,23175,207785,10388.6,3104.74,113.82,2400
37299.2,15563,157067,86926.7,25800,220807,33123.8,4087.47,113.873,2401
69144.8,54708,82830.2,49795,26432,123463,9106.75,3890.52,113.903,2402
36728,27491,87556.2,40611.1,25783,103226,1424.23,496.92,114.072,2409
154080,116062,87003.4,94208.8,54538,113207,37295.7,4647.01,114.245,2414
49965.6,32899,99533.3,112640,46759,157873,11019.4,3600.65,114.249,2415
36059.2,15843,149162,65038.9,27923,152648,109839,3228.97,114.258,2416
46955.2,29459,104459,40666.6,21123,126172,18755.9,2313.91,114.505,2424
70605.6,58180,79532.6,43928.9,27072,106343,2506.82,2736.09,114.644,2427
106290,79291,87851,76256,49967,100016,2324.32,2325.02,114.779,2434
23174.4,17599,86297.9,48765.8,24939,128149,20378.7,2477.53,115.308,2444
42194.4,28863,95806.1,33221.9,23487,92699.5,1000.1,994.85,115.658,2449
125478,96402,85302.2,135262,69554,127448,12899.1,6480.16,115.795,2453
95788.8,75574,83065.8,82823,57634,94178.6,45257.1,4219.78,116.071,2461
49304.8,27979,115488,26647.8,11551,151190,9985.67,1973.54,116.12,2463
135326,113771,77952.7,98544.7,66507,97105.9,6723.3,3491.57,116.165,2465
49825.6,29483,110754,140054,36315,252748,16552,2844.16,116.771,2479
65908.8,46631,92629.4,62448.3,34007,120346,3839.07,3222.91,116.921,2482
36426.4,26705,89393,41047.4,30853,87190.3,343.1,960.51,117.13,2484
29494.4,18623,103793,49385,22639,142961,21357.6,1788.71,117.382,2487
63884,40205,104134,109467,42825,167519,47488.7,3131,117.67,2492
104930,85671,80268.9,45745.9,37971,78955.1,13058.2,3258.26,118.171,2500
91248,74895,79845.5,139368,74715,122246,23571.7,5075.25,118.198,2501
100312,74336,88436.9,73036.1,40800,117316,23757.1,2964.35,118.887,2520
139533,105899,86350.4,83633,46767,117198,34964.8,4509.65,119.185,2523
27454.4,16350,110046,37293.2,25386,96275.5,1296.48,1013.03,119.996,2540
33365.6,23763,92019,71852.4,47603,98920.6,921.26,914.05,120.062,2543
27660,18983,95492.1,57657.9,46451,81347.4,11486.6,3791.54,120.097,2544
45852.8,34679,86652.1,38373.9,23235,108236,377.41,486.82,120.534,2551
46640.8,36650,83401.1,75882.3,45838,108491,7573.02,2987.58,121.065,2560
64936.8,50878,83645.2,84542,33290,166433,56984.5,4618.73,121.683,2571
42370.4,27911,99487.2,47948.7,31367,100181,694.96,608.02,122.356,2587
75045.6,65498,75089.1,57986.1,38378,99019.7,2484.92,5687.31,123.554,2610
39673.6,30657,84811,30043.5,21841,90148.3,1270.2,1334.21,124.045,2618
64872.8,47210,90055.2,68772.9,27434,164289,20882.4,2187.66,124.998,2643
47375.2,23658,131236,96282.3,33690,187295,34173.5,3927.89,125.015,2646
70268.8,57875,79570.4,25057.1,16723,98196.6,2688.59,6739.73,125.116,2647
30254.4,20004,99117.8,80192,27904,188341,25147,2904.76,125.178,2649
114912,91255,82525.6,88905.2,44999,129481,31282,3605.7,125.446,2652
95699.2,82326,76181.8,71088.9,41810,111430,64459.7,2923.95,125.467,2653
49980,42319,77400,70614.1,35467,130481,99352.3,2382.59,125.516,2655
158000,137638,75231.3,100930,63746,103764,66745.4,4671.25,125.679,2660
65583.2,40883,105131,76690.3,41315,121650,25988.7,4233.92,125.759,2663
45743.2,40802,73472.5,42227.1,30882,89611.9,5685.24,1850.32,125.82,2666
36972.8,32545,74452.3,32207.9,17617,119815,11933.3,4326.84,126.595,2679
40192,18214,144615,150313,35734,262143,20418.8,6317.55,126.849,2685
82938.4,65910,82467.8,77963.9,48102,106221,4964,2851.23,128.872,2717
103394,78112,86748,69795,34800,131439,18782.2,1530.15,128.873,2718
116228,94271,80800.2,121076,66219,119827,9295.82,3897.59,130.126,2743
34592,19136,118469,168253,52564,209775,192893,3655.19,130.411,2747
60088,40123,98146.4,92067.6,45183,133540,41193.9,5344.92,130.463,2749
46661.6,37202,82200.3,50085.9,25250,129997,7419.72,1878.6,130.843,2758
57179.2,35535,105454,91364.6,31823,188155,29944.6,3089.59,130.996,2762
178428,146755,79680.1,86294.4,62403,90626.9,6118.13,8375.93,131.537,2772
54300,47856,74360.7,53155.3,36160,96338.1,1706.01,3459.25,132.901,2792
61475.2,41879,96201.9,103286,49251,137437,21911.7,3615.8,133.045,2796
33041.6,26267,82438.6,122344,39291,204066,4239.84,2402.79,133.401,2805
52527.2,32576,105674,80739.4,38340,138011,20673.6,4356.13,133.462,2807
92429.6,67886,89230,175674,69338,166042,2565.22,12268.5,134.24,2827
68526.4,62440,71924.2,59639.5,44716,87407.9,44857.8,4033.94,134.523,2830
50194.4,25562,128689,167377,54618,200835,5870.66,2457.33,134.81,2837
77280,68971,73431.2,44748.1,35135,83466.9,3666.79,2117.97,134.996,2839
60759.2,33803,117798,31907.9,14687,142379,1296.48,888.8,135.172,2842
32284.8,23999,88162.7,75986.3,29867,166734,128912,3810.73,135.218,2843
102967,79031,85385,139925,72515,126459,22576,3704.68,135.231,2845
90523.2,59012,100531,97966,40532,158401,24676.2,8543.59,136.364,2862
106359,92590,75282,55860.1,35198,104007,31044.7,2761.34,136.818,2870
31296.8,22103,92795.9,34383.4,25351,88886.1,662.11,488.84,137.482,2878
50582.4,37487,88429.8,51121.1,41679,80382.8,608.82,617.11,137.665,2884
34048.8,16443,135707,61385.8,22255,180767,24389.3,4036.97,137.885,2891
64245.6,51626,81555.8,129820,49690,171220,94390.5,4686.4,138.375,2897
40892,34206,78345.9,59623.3,27726,140932,22761.4,1703.87,138.457,2900
44618.4,31807,91933,53769.4,18927,186180,16130.1,1484.7,138.778,2907
69539.2,54339,83868.3,33093.7,22055,98337.2,85476.4,1330.17,138.898,2913
151826,129434,76873.5,69784.9,48862,93598.8,58646.7,2324.01,138.952,2915
72898.4,59118,80812.4,56075.2,41386,88796.8,3314.2,1516.01,139.647,2930
26116.8,15806,108287,82171.6,31866,168995,11174.1,2930.01,139.884,2932
60736.8,49113,81046.7,44116.8,23738,121798,10733.9,4003.64,140.081,2936
49577.6,43715,74325,64098.6,52679,79742.8,921.99,788.81,140.315,2941
41619.2,29899,91225.7,69070.9,36859,122809,18181.4,1677.61,140.388,2943
68825.6,48550,92905.3,75001.6,39254,125218,8521.29,2352.29,140.916,2953
80235.2,61442,85581.4,65469.2,41574,103204,57778,2948.19,140.972,2956
81978.4,58338,92093.3,67544.8,49554,89329.1,721.97,2068.48,140.976,2957
57728,44442,85128.1,34464.2,24046,93930.3,10516.4,2818.91,141.421,2968
128886,112766,74904.2,46684.2,33006,92695.2,64034.9,2135.14,141.581,2970
83360,70299,77712.1,84866.3,46191,120409,34210.7,2458.34,141.584,2972
101101,75386,87890.9,89703.1,43566,134940,46890.1,3544.09,141.828,2976
52145.6,36131,94584,77432.7,25235,201095,15382.6,2196.75,142.224,2986
17084,14890,75192.5,61046.4,51358,77899,63.51,176.75,142.396,2989
66846.4,50998,85902.3,118192,52242,148269,8055.55,4058.18,142.603,2992
37180.8,21377,113986,88981,31393,185757,141035,4160.19,142.982,3001
58014.4,34376,110601,95862.1,49740,126305,3251.42,3144.13,143.024,3002
35416.8,29159,79600.7,31520.1,23843,86637.6,2361.55,1036.26,143.641,3012
47347.2,22154,140063,68424.5,22666,197841,4480.74,4391.48,143.697,3015
69476.8,54423,83663.8,150012,67763,145082,79191.1,2680.54,145.099,3043
64680,53294,79537.4,79271.9,35258,147347,10295.9,1710.94,145.196,3046
106723,89927,77776.6,87205.4,39251,145604,10234.6,4006.67,145.414,3050
52777.6,27881,124057,143955,41657,226475,19219.4,9402.09,145.538,3053
85727.2,69599,80722.7,102751,56827,118498,15328.5,3168.37,145.608,3056
89396.8,70915,82615.9,94177.4,51075,120842,76936.9,8522.38,145.972,3068
66608,60046,72698,25123.8,22298,73841.2,7400.74,2745.18,146.065,3070
76176,61606,81035.5,36202.4,23282,101905,7286.13,1534.19,147.383,3092
52523.2,37130,92705.6,95102.6,34590,180186,99122.3,4642.97,147.516,3097
37249.6,32666,74731.8,31329.2,22250,92278.2,475.23,672.66,148.656,3121
90941.6,63394,94014.4,76581.2,36502,137495,36857.7,4325.83,149.111,3130
65134.4,43691,97700.9,137996,84367,107195,26327.5,12987.6,149.465,3136
57057.6,49342,75783.9,32537.2,27850,76565.7,380.33,313.1,149.726,3141
23990.4,15355,102392,58669.9,14959,257035,12738.5,4466.22,151.348,3177
31511.2,18367,112436,40984.8,19503,137721,2211.17,2320.98,151.606,3180
46768.8,27835,110115,61173.7,32347,123940,3506.19,936.27,152.522,3199
27169.6,11834,150464,40884.8,20926,128043,1484.82,5364.11,152.801,3203
57183.2,44094,84990.2,57368,28030,134130,3422.97,3768.31,152.988,3207
56224,46751,78815.3,58826.4,26571,145092,29981.1,3637.01,153.022,3208
66022.4,41108,105256,66782.2,35284,124040,6104.26,3362.29,153.063,3212
36452,30171,79179.3,31595.8,23051,89829.7,3239.01,845.37,153.665,3223
74920.8,54881,89466.5,55884.3,20017,182966,23943.3,2154.33,154.297,3235
91065.6,80100,74507.8,78628.5,36736,140271,8017.59,3397.64,154.431,3239
44880.8,29399,100048,33387.6,18007,121513,551.15,944.35,155.205,3253
89652,66123,88856.1,66198.4,37583,115435,82932.4,9208.17,155.317,3255
115175,89754,84097.9,72253.4,44846,105588,6727.68,2782.55,155.511,3259
136666,118262,75734.5,50357.6,36022,91617.2,30047.5,2315.93,155.908,3264
101685,86183,77324,49265.8,33463,96485.1,44407.4,2616.91,157.085,3290
41737.6,28386,96361.4,32807.8,22082,97368.6,4982.25,364.61,157.281,3293
52668,44810,77028.6,80837.4,48334,109607,21015.2,3602.67,157.796,3302
53348.8,38511,90786.2,42390.7,21067,131871,19556,1587.72,157.83,3305
31629.6,16309,127100,98616.4,36453,177295,14338.7,3279.47,157.902,3309
49398.4,40022,80889.9,29449.6,17670,109225,2767.43,558.53,157.92,3311
73141.6,52650,91042.9,75309.6,55742,88541.7,1435.18,1484.7,158.573,3321
27557.6,16654,108443,53758.3,32062,109884,1505.26,1321.08,158.664,3323
72237.6,54402,87021.9,113526,42514,175002,27744.4,4143.02,158.884,3329
43482.4,31654,90025.4,72505.9,41414,114738,1810.4,2025.05,159.648,3342
22552,12106,122086,57316.5,19022,197471,36705.1,4001.62,159.775,3346
90803.2,60830,97828,99075.9,39198,165647,11862.5,5252,160.159,3354
90875.2,71706,83055.8,96315.6,52042,121289,8595.02,2353.3,162.032,3380
35026.4,26938,85213.8,41573.6,26538,102667,1511.83,2202.81,162.392,3391
43540,39742,71799,34554.1,17226,131461,3533.2,1002.93,162.514,3395
93099.2,78864,77365.5,36161,28324,83669.3,5037.73,1411.98,162.909,3404
36501.6,20914,114381,57410.4,16226,231878,18235.4,1904.86,164.063,3433
115181,102379,73730.8,103399,47631,142267,73992.8,3630.95,164.252,3436
115966,87886,86474.8,83465.4,41054,133239,51767.2,2739.12,164.818,3449
39458.4,31154,83005.3,64114.8,32962,127475,6195.51,3068.38,164.84,3450
72712.8,46640,102172,88298.2,57444,100737,9839.67,1806.89,165.182,3463
51722.4,41163,82347.7,44066.3,33279,86779.3,1895.08,1658.42,165.716,3469
46458.4,39310,77453.5,33079.5,24046,90156.3,1663.67,3143.12,165.79,3471
67170.4,44458,99016.6,176698,54922,210846,18509.9,3504.7,165.918,3474
144468,126334,74943,62859.4,46046,89466,110317,3494.6,166.614,3485
93784.8,73195,83971.3,68926.4,46683,96762.5,41133.3,1590.75,166.801,3488
53317.6,41375,84452.5,92302.9,40155,150645,6700.67,1239.27,166.964,3489
41731.2,25122,108865,47314.5,24086,128739,7581.05,2249.27,167.781,3503
97339.2,65773,96988.5,59480.9,35517,109754,88387.7,2980.51,167.955,3507
53786.4,38939,90524.8,50423.2,21023,157187,6486.05,2452.28,168.274,3509
50058.4,26093,125728,79194.1,36377,142674,13278,2986.57,168.356,3515
40666.4,21783,122348,112445,26899,262143,28396.3,3566.31,168.362,3516
33400,24931,87798.4,148482,111351,87389.6,3128.78,6035.76,169.376,3533
61708,44143,91613.5,27853.8,8747,208692,8678.97,2830.02,169.455,3535
32773.6,30879,69557,36935.7,33787,71643.5,678.17,455.51,169.489,3536
116769,101439,75440,60257.6,39083,101042,46854.3,2849.21,169.748,3542
99526.4,80786,80738.8,81558.5,54978,97221,35597,3721.85,169.807,3544
92454.4,67287,90048.5,95013.7,41379,150483,23880.5,4265.23,170.19,3551
37913.6,17263,143932,109169,36155,197884,44201.5,3900.62,170.346,3554
94847.2,83318,74604.6,82526.1,54582,99088.1,4064.64,3414.81,170.484,3560
73038.4,64338,74398.4,69525.4,43078,105771,10883.6,5127.77,170.624,3562
56168.8,35880,102594,82531.1,33528,161321,16739.6,3942.03,170.81,3565
49135.2,27366,117669,99879.9,38902,168262,96662.2,3063.33,170.934,3567
62532.8,46671,87809.3,45601.5,31915,93640.6,8603.78,3515.81,171.611,3582
70174.4,50240,91539.6,130470,51216,166949,10532.4,2932.03,172.483,3594
45269.6,36878,80448.7,80456.6,61358,85935.1,413.91,1112.01,172.674,3596
50982.4,46836,71337.9,26202.4,20260,84758.3,6050.97,792.85,172.756,3598
94809.6,81286,76439.3,47747.8,28454,109974,16521.4,6879.11,173.004,3600
50880.8,48538,68699.2,31409,19866,103615,2645.52,5672.16,173.147,3606
49470.4,27999,115793,63421.9,40795,101886,1453.43,902.94,173.422,3609
50779.2,33706,98732.1,83536.1,37246,146985,3387.2,3080.5,173.585,3614
73208.8,55853,85900.7,37557.9,22125,111249,5711.52,1770.53,174.214,3637
90569.6,68526,86617.8,68724.4,55470,81195.7,1827.92,3208.77,174.374,3638
60026.4,38975,100934,59553.6,42027,92866.7,771.61,1145.34,174.409,3640
145218,118378,80394.8,80403.1,51722,101877,11658.8,3300.68,174.469,3641
64891.2,39118,108715,111950,47274,155197,15442.4,4113.73,174.558,3644
66589.6,40863,106796,150039,48731,201780,91435.4,9196.05,174.934,3648
26579.2,18519,94059.9,67280.1,25703,171547,47112,2589.64,175.259,3657
91265.6,66208,90339.3,102844,46432,145159,17689.4,4256.14,175.344,3659
44116,27285,105962,63508.8,26449,157364,4014.27,3693.57,175.444,3660
42924.8,32523,86496.3,55442.9,46703,77800.3,378.87,471.67,175.791,3666
59520.8,36752,106137,175499,47664,241303,17629.5,3678.42,176.944,3686
45202.4,24051,123171,65690.4,24067,178879,22984.1,2664.38,177.214,3694
142826,116369,80436.1,120114,60113,130950,62661,3785.48,177.684,3708
69332,48250,94170.8,61492.8,31934,126198,21923.4,3236.04,177.809,3711
30563.2,21052,95144.9,62076.6,20328,200131,15648.3,1888.7,177.87,3713
49959.2,26898,121724,43098.7,25410,111158,4319.41,767.6,177.917,3715
48936.8,40210,79759.3,45132.9,33314,88786.3,2130.87,2510.86,178.461,3725
68228.8,45687,97871.2,125299,54963,149402,65589,3321.89,178.539,3728
69536.8,56645,80451.3,155345,57793,176158,113000,7861.84,179.283,3743
33189.6,24931,87245.3,64888.5,34243,124187,8765.11,2676.5,179.459,3751
50532,29279,113107,101227,34863,190289,89225,7275.03,179.51,3752
40235.2,24478,107723,70842.4,36222,128174,11255.9,2492.68,180.282,3772
110990,83512,87099.7,60560.6,41708,95159.2,1735.94,3077.47,180.563,3782
132958,117456,74185.3,88033.6,47344,121861,37639.5,262143,181.124,3794
107469,95394,73831.4,59374.9,44322,87793.7,9869.6,1743.26,181.13,3795
78690.4,55631,92701.1,115144,56063,134600,47752.2,2972.43,181.391,3804
99888.8,74556,87804,109672,54376,132181,19145.7,2574.49,181.474,3807
24612.8,12983,124241,40664.6,19635,135727,9841.13,1944.25,181.749,3814
57119.2,42290,88516.5,82759.4,34726,156186,8493.55,3247.15,181.91,3819
41507.2,28055,96960.1,132852,48675,178872,12797.6,2531.06,182.578,3824
62778.4,47812,86050.5,72495.8,35956,132136,713.21,16312.5,184.71,3856
121308,91244,87129.5,120572,60456,130703,49905,3371.38,184.804,3859
95235.2,82619,75543.6,66300.4,44651,97311.7,31514.8,1896.78,184.905,3863
131612,107585,80172.2,82536.2,48005,112678,40739.1,3298.66,185.033,3867
24745.6,16478,98417.8,45338.9,28490,104294,502.97,369.66,185.295,3870
18318.4,17307,69365.8,51360.5,47871,70313.2,45.99,63.63,185.615,3873
79128,66474,78011.4,26573.1,21306,81737.3,735.11,1941.22,185.648,3875
28578.4,24619,76076,42723,37471,74721.6,272.29,299.97,186.124,3883
112494,95615,77104.9,67590.2,34715,127599,37255.6,2896.68,186.591,3887
47240.8,35498,87215.4,45067.2,28714,102860,1166.54,749.42,187.533,3911
52821.6,37543,92206.7,49379.9,32519,99516,1319.84,953.44,187.736,3919
80317.6,63540,82840.6,63030.1,32768,126060,14208.7,3344.11,187.852,3923
30577.6,16811,119204,45205.6,19759,149936,5369.15,2805.78,188.762,3940
146346,114244,83951.1,89028.5,51924,112368,19656,4115.75,189.517,3956
85828,66779,84230.4,101352,44975,147687,114270,4136.96,190.501,3986
54514.4,40407,88416.8,71623.1,46855,100179,18482.1,8939.51,190.702,3994
81835.2,67515,79436.4,60646.5,37627,105630,5064.74,3769.32,190.705,3995
34568.8,17346,130607,70756.6,28406,163244,27267,1641.25,191.221,4003
31100,22314,91340.4,65253.1,28014,152653,16809,5346.94,191.613,4011
142480,124475,75015.6,76516.6,46299,108309,8693.57,3457.23,192.458,4026
67261.6,50486,87312.5,149525,52178,187805,20492.6,4199.58,192.638,4028
104714,83882,81811.5,86978.2,48750,116927,14550.4,5875.17,193.247,4043
41393.6,36931,73455.1,41271.6,36307,74497.4,830.74,587.82,194.218,4059
62943.2,40537,101760,121337,43293,183678,49618.8,3624.89,194.282,4060
42186.4,27287,101320,44768.2,27527,106584,2905.4,582.77,194.287,4062
57502.4,34515,109184,116292,34647,219971,35342.2,7577.02,194.36,4065
45341.6,23554,126157,48641.6,23362,136451,10079.1,9219.28,195.111,4080
63919.2,53546,78232,49314.3,29514,109503,78823.2,1701.85,195.397,4087
52059.2,34162,99869.8,31947.3,20594,101665,3613.5,2292.7,195.519,4089
83536,53810,101740,87618.5,40934,140279,20019.5,6657.92,195.552,4090
62263.2,41290,98824.9,54026.9,29466,120162,978.93,714.07,195.992,4097
37179.2,24898,97862.3,46595.3,17986,169780,30928.6,1149.38,196.15,4101
29332,21899,87780.4,45017.7,31167,94660.4,740.95,454.5,196.273,4104
64115.2,37733,111358,29794,14774,132163,1228.59,1194.83,197.055,4118
102948,77172,87425.5,81171.7,37984,140050,19191.7,12617.9,197.835,4129
79213.6,52975,97996.1,79000.2,37599,137699,15916.2,3146.15,199.728,4166
28808,17032,110848,55726.8,19212,190095,12326.8,1819.01,199.826,4168
53360.8,44722,78195.4,80150.6,40326,130257,35866.4,4350.07,200.009,4172
105046,84982,81009.2,104019,52754,129222,40091.6,2961.32,200.057,4173
70990.4,52847,88035.8,66861,35567,123199,51270.8,4026.87,200.25,4177
49620,41646,78084.2,36184.3,21386,110884,32000.3,1275.63,200.564,4182
22983.2,16142,93311.1,42680.6,20666,135349,923.45,8590.05,200.936,4193
99252,84850,76659.7,75770.2,40482,122664,10505.4,2845.17,201.075,4195
52441.6,46391,74083.6,46187.3,38327,78976.5,643.86,3558.23,201.324,4201
69219.2,55399,81885,89767.8,43603,134922,46328.7,5218.67,201.679,4210
184406,156735,77106,111333,70351,103713,23836,7586.11,201.929,4217
26852,15136,116264,80298,24608,213850,29178.8,1981.62,203.698,4250
23219.2,13819,110116,92733.1,27515,220874,29278.1,2328.05,203.763,4252
29712.8,16603,117284,110134,44155,163464,71231.9,1586.71,204.211,4257
96012.8,76250,82521.9,117365,63246,121615,5771.38,5182.31,204.314,4259
46288.8,33855,89605.2,73256.3,27355,175505,23703.8,3296.64,204.642,4269
69831.2,64509,70942.9,45325.8,36525,81327,6288.95,2223.01,204.986,4281
49996,39587,82768,39466.8,30375,85152,773.8,758.51,205.722,4297
85668.8,65244,86052.2,121462,58936,135064,1376.05,3916.78,206.006,4301
35548,22492,103578,103636,30760,220803,1334.44,9602.07,206.264,4303
94104.8,81110,76035.7,54159.2,39702,89400.5,2119.19,4727.81,206.417,4306
27808.8,17202,105946,59017.3,25282,152985,24920.7,4434.91,207.101,4316
40218.4,34167,77143.2,43320.9,32023,88657.5,1825,669.63,207.881,4326
42096,31502,87575.5,96170.2,34478,182801,2107.51,2124.03,207.951,4328
35800,27707,84678.6,63337.1,25183,164828,13015.9,2078.58,209.056,4344
93712,75991,80818.9,78518.4,38839,132490,5299.8,4797.5,209.116,4345
91599.2,71510,83946.9,106099,44166,157436,19234,5248.97,210.081,4367
79439.2,65703,79237.3,47898.2,31495,99668.5,24702.5,2092.72,210.452,4373
62407.2,50615,80804.5,34875.3,26327,86815.4,686.2,1728.11,210.633,4375
46263.2,32608,92980.4,109912,50164,143593,16741.1,2468.44,210.699,4379
29711.2,21787,89372.3,102388,58015,115661,980.39,793.86,211.807,4409
64326.4,40867,103156,118655,41843,185841,38773.2,4576.31,212.667,4419
38580.8,35278,71671.6,31866.5,28778,72569.5,245.28,463.59,213.17,4430
26508.8,19039,91248.5,112110,83307,88194.8,192.72,747.4,213.198,4431
30822.4,17795,113514,76381.2,30503,164106,34115.1,1806.89,213.24,4434
35167.2,27505,83792.7,36701.4,27845,86380.4,1270.2,608.02,213.264,4435
134458,97762,90135.4,115811,47730,159015,111702,2832.04,213.789,4443
17806.4,13105,89046.9,68395.2,52465,85435,1743.24,8487.03,213.938,4445
58649.6,41639,92309.1,136696,64807,138234,23716.2,4034.95,213.945,4446
34600,21105,107441,89857.7,31409,187491,5093.94,2577.52,214.838,4457
27382.4,13926,128862,38994.1,22662,112767,5777.95,1281.69,215.693,4475
30189.6,18418,107422,71672.6,30774,152633,5157.45,3256.24,216.188,4489
92951.2,63597,95785.2,215256,56621,249148,64744.4,5071.21,216.545,4498
93440.8,80435,76132.7,150373,56451,174573,13068.5,9107.17,217.02,4505
29099.2,15934,119684,41774.6,23898,114559,1763.68,571.66,217.23,4511
51694.4,35166,96338.6,63012.9,41566,99350.7,821.25,761.54,217.423,4518
27517.6,25414,70960.6,55942.9,53782,68169.1,217.54,384.81,217.465,4520
121789,101297,78793.6,66501.4,49234,88520.9,2971.1,1878.6,217.639,4522
78741.6,65702,78542.7,69355.7,45926,98970,5306.37,2485.61,217.884,4530
34609.6,14566,155717,41829.1,19798,138464,2861.6,2842.14,218.019,4534
54642.4,43006,83268.5,50559.6,31886,103916,1315.46,801.94,218.137,4536
26356,16441,105059,80036.4,31977,164033,16528.7,3609.74,218.311,4543
51368,28646,117519,53971.4,25394,139288,10074,2276.54,218.367,4544
47691.2,23714,131799,79758.7,30738,170052,23072.4,3122.92,218.39,4546
89823.2,68206,86307,74273.4,42478,114591,2861.6,27291.2,218.601,4550
50368.8,42710,77288,74590.5,62054,78776,2214.09,982.73,220.261,4587
27607.2,17715,102132,53465.4,20503,170897,8162.86,1056.46,221.188,4612
123778,90023,90109.1,123332,67751,119300,28335.7,4337.95,221.234,4615
76448.8,53401,93821.3,94840,45677,136074,10071.1,3537.02,221.478,4620
61413.6,37803,106468,90664.7,35083,169364,22696.4,2645.19,221.901,4633
42476.8,30714,90634.9,48221.4,36986,85444.2,428.51,617.11,222.031,4635
42163.2,40062,68973.3,35825.7,29150,80544.6,71516.6,1757.4,222.093,4636
51128.8,33994,98569.7,62806.8,30346,135639,18150,2471.47,222.139,4637
45664.8,29058,102990,60716.1,27622,144055,47854.4,1678.62,222.251,4640
60452,50730,78095.5,94360.3,49662,124522,25156.5,2386.63,223.151,4651
105324,86498,79799.7,74126.9,39478,123055,12848,2864.36,223.661,4659
49904.8,37078,88207.6,64516.8,44674,94645,2524.34,1040.3,223.922,4662
110843,86493,83986.2,120470,52109,151511,50808,4034.95,225.951,4695
19050.4,12852,97143.4,60227.3,24532,160894,11339.1,3935.97,225.952,4696
33703.2,21490,102781,68204.3,34454,129733,23359.3,1390.77,225.973,4698
114765,81859,91880.3,88225.5,58803,98327.4,47461,5817.6,226.428,4708
67880,59519,74742.2,40072.8,30127,87171.2,5306.37,983.74,226.847,4718
28163.2,19163,96316,37653.8,24507,100693,778.18,388.85,227.833,4740
44012.8,37498,76922,40039.4,30878,84980.4,9736.01,1907.89,227.945,4746
48853.6,46267,69199.9,42665.4,27471,101784,667.22,17395.2,228.079,4748
31051.2,23298,87345.3,85330.9,42550,131428,25055.1,2598.73,228.089,4749
60187.2,49834,79151.4,50373.8,39786,82976.3,851.18,638.32,228.172,4753
129049,97181,87026.7,191995,84557,148806,60525.8,5064.14,228.458,4759
46528.8,31486,96846.6,62325.1,44446,91898.9,12650.9,3043.13,229.146,4767
65635.2,46331,92842.1,113128,79963,92717.4,952.65,1605.9,229.348,4772
85626.4,59055,95023.5,58468.9,30495,125654,17185.7,5146.96,229.556,4776
57360,47124,79771.3,44660.2,34116,85791.1,1567.31,816.08,230.079,4789
79956,70106,74743.9,34805.6,26446,86252,759.93,1129.18,230.61,4805
45747.2,35610,84192.3,132388,49022,176985,82195.8,4526.82,231.566,4821
41194.4,32159,83949,32110.9,22811,92254.7,1491.39,1483.69,232.258,4830
48523.2,25327,125558,61584.8,26891,150088,2336,887.79,233.143,4848
89642.4,74683,78663.2,113846,66539,112130,10321.5,4318.76,233.627,4853
36023.2,21513,109739,101929,32409,206117,7565.72,1969.5,234.395,4864
29700,22377,86983,116822,39725,192726,18662.5,2873.45,234.591,4867
49184.8,30439,105896,77892.2,33859,150765,18221.5,3071.41,234.821,4876
97268,75962,83917.7,63653.2,40490,103027,11405.5,2632.06,235.088,4881
37546.4,25843,95215,75629.8,39991,123940,36815.4,3132.01,235.278,4885
36097.6,28215,83845.2,75872.2,39255,126668,7703.69,1293.81,236.267,4903
48524.8,28013,113523,161706,51149,207190,8237.32,6745.79,236.871,4912
53736.8,35826,98300,61060.6,30194,132532,5842.92,9276.85,237.901,4929
20081.6,13195,99739.9,45522.7,29115,102469,628.53,966.57,238.87,4952
49764.8,31175,104615,156355,61075,167775,73262.8,4139.99,238.942,4953
113698,92474,80577.7,69926.3,38686,118459,121709,4418.75,239.225,4958
73438.4,62706,76752.8,68846.6,49958,90314.5,31876.9,2531.06,240.487,4976
89644.8,60122,97717.3,95252.1,52078,119867,3906.96,2065.45,241.242,4991
92308,61974,97613.5,142704,46018,203230,22357,16347.9,241.366,4993
26400,23311,74220.3,116512,91323,83612,148.19,526.21,242.162,5005
62567.2,41870,97931.8,96005.5,37582,167416,19355.2,2405.82,242.366,5008
22084,8345,173433,104200,30425,224448,592.03,7033.64,242.484,5012
93864.8,78579,78284.6,43037.1,35411,79649.8,5125.33,2869.41,242.523,5013
31489.6,22728,90800,37292.2,18520,131965,4729.67,1102.92,242.709,5017
81132,55214,96299.2,107756,54858,128730,75947,3959.2,242.906,5022
64332.8,37566,112232,89941.5,36846,159974,2938.25,2238.16,243.359,5030
25732.8,21826,77266.8,42815.9,35302,79485.1,146,609.03,243.604,5038
139150,117599,77546.2,50839.4,37023,89992.9,46214.8,1448.34,245.978,5076
39908,24683,105960,65384.4,32603,131431,1706.01,19958.6,246.234,5079
116288,85675,88953,138056,66143,136789,139134,5403.5,246.429,5082
55517.6,33063,110045,80449.5,46775,112717,14805.9,2264.42,247.011,5092
67400.8,44787,98626.4,153619,82051,122699,1040.25,4796.49,247.211,5093
44520,23259,125442,184321,79199,152523,10539.7,839.31,247.904,5106
80032,61132,85797.6,59418.3,33756,115358,14613.1,4097.57,248.049,5107
107581,79559,88618.7,75727.8,48883,101526,100357,2790.63,248.258,5113
42084.8,34022,81067.2,30527.2,22454,89099.2,554.8,310.07,248.443,5119
61500,55373,72787.5,43641.1,33097,86414.6,1770.25,2169.48,249.058,5132
63640,50390,82768.6,119669,74178,105727,14221.1,1761.44,249.168,5135
104549,83382,82172.5,104998,58258,118115,73506.6,3469.35,249.643,5142
51324.8,39303,85581.8,51256.5,40291,83372.1,1173.84,549.44,250.363,5159
59726.4,33198,117906,76369.1,28714,174303,43429.9,3613.78,250.785,5166
48487.2,25443,124893,35609.6,16739,139417,3513.49,766.59,252.37,5185
44114.4,29600,97671.7,165011,43856,246583,6397.72,4322.8,252.438,5186
52625.6,46977,73416.2,43346.2,35985,78942.2,654.81,1134.23,253.028,5201
66240,41206,105351,85685.4,43206,129970,1635.93,919.1,253.352,5207
73780,57715,83778,58375,33459,114339,29840.2,2344.21,253.699,5213
43522.4,30962,92122.1,76090.4,31490,158357,24176.1,2528.03,253.761,5214
47348.8,31659,98014.8,132812,48091,180989,15542.4,2975.46,254.441,5226
45900,31269,96200.8,92964.4,39525,154143,25017.1,4071.31,254.831,5233
44982.4,32694,90168.4,66228.7,29874,145289,55281.4,2037.17,254.892,5235
54374.4,30397,117231,124532,37081,220095,107508,4374.31,256.098,5265
36239.2,28110,84488.5,74861.2,38574,127187,19531.2,1343.3,256.684,5276
60508.8,35306,112318,162388,88954,119638,1088.43,1853.35,258.112,5295
61626.4,41031,98431.6,107813,38899,181641,28246.6,2655.29,258.611,5302
63640.8,55607,75004.3,106447,44855,155526,23809,6734.68,259.145,5316
85237.6,62155,89874.2,56186.3,36495,100897,3346.32,6232.71,259.357,5322
38216.8,30171,83012.7,31229.2,22959,89143.1,914.69,422.18,259.792,5327
78411.2,64775,79332.4,137282,59943,150091,21644.5,3940.01,260.457,5341
62980.8,36810,112130,85998.5,36046,156356,7248.17,3133.02,260.55,5344
49676.8,30042,108369,147076,49054,196493,17455.8,4190.49,261.348,5357
80110.4,64535,81353,89671.8,52727,111456,89703.1,2624.99,262.106,5365
73106.4,61135,78369.2,134411,60699,145122,38822.9,3500.66,262.112,5366
64325.6,54283,77660.5,88428.5,50943,113760,3917.18,2104.84,262.227,5367
62214.4,47171,86436.2,92853.3,45863,132683,81597.2,4429.86,263.725,5395
111882,85574,85683.4,148656,57958,168093,98166,4572.27,263.732,5396
53760,33135,106329,81505,43343,123238,15638.1,6288.26,264.06,5405
30191.2,26979,73338.9,63190.6,51507,80401.9,522.68,712.05,264.18,5407
47822.4,37883,82730.8,38934.5,22623,112788,3527.36,1746.29,264.226,5410
35030.4,28333,81027.5,41970.6,33769,81452.9,242657,597.92,264.656,5418
99620,72123,90521.7,95393.5,68575,91166,2339.65,3284.52,264.693,5421
44747.2,28143,104202,64813.7,24047,176639,30644.7,2493.69,265.478,5438
47122.4,31039,99494.6,154558,117771,86007,1640.31,1082.72,265.759,5445
47429.6,34999,88812.4,66319.6,47379,91735.2,801.54,721.14,266.659,5457
33668.8,27449,80386.1,42948.2,32345,87019.8,2367.39,633.27,267.524,5471
20639.2,10430,129685,69049.7,53082,85250,413.18,264.62,267.579,5474
52865.6,38539,89898.5,35959,14987,157244,16389.2,5545.91,267.903,5481
40538.4,36270,73248.5,39317.3,33822,76184.1,405.15,1879.61,268.426,5493
44964.8,34765,84763.8,57431.6,40925,91969.2,12877.2,2471.47,268.549,5495
92371.2,77953,77657.6,83417.9,46213,118297,28771.5,7487.13,268.803,5503
69665.6,47375,96371.6,87775.1,50607,113669,13718.2,4366.23,269.411,5512
82112.8,55635,96725.9,51100.9,33895,98803.7,4511.4,1364.51,269.896,5522
100892,88478,74731.1,100281,75614,86915.2,6581.68,4218.77,271.411,5546
76276,60910,82069,72683.6,33658,141523,66058.4,3448.14,272.219,5563
94094.4,64571,95500.6,171627,83311,135009,71367.7,4144.03,272.318,5566
88088,69262,83349.2,133824,54410,161189,8750.51,4947.99,272.471,5568
49119.2,33632,95714.7,49027.4,32160,99908.6,4513.59,1643.27,272.659,5571
52932,39615,87566.6,100299,37471,175421,66115.4,5642.87,272.736,5573
52865.6,41603,83277.7,49272.8,33447,96545.1,7340.15,1182.71,273.553,5581
58582.4,36855,104172,100803,39747,166207,43901.5,2586.61,273.746,5586
82445.6,66887,80780.4,48799.2,34919,91586.3,13995.6,1276.64,274.031,5592
30296,21398,92788,46333.8,31090,97669,2811.23,741.34,274.373,5601
102893,73207,92111.2,118455,58851,131910,30114.7,8151.71,274.504,5603
100383,68987,95361.6,84019.9,44171,124659,7783.26,4627.82,276.286,5634
76747.2,55881,90007.4,83602.8,36041,152021,33906.3,3259.27,276.428,5637
48520,45219,70320.1,68994.1,39139,115527,8329.3,2067.47,276.632,5643
44876.8,38338,76713.6,31236.3,26690,76699.1,1418.39,646.4,277.295,5653
51148,30327,110530,69573.9,24915,183006,81073.8,3885.47,277.42,5657
35819.2,21907,107155,116526,52723,144844,12753.8,4376.33,278.604,5688
49896.8,37703,86731.5,35868.1,27847,84413.2,32783.6,4620.75,278.754,5694
69160.8,43517,104155,141181,57337,161369,25671.2,3089.59,278.958,5703
68496,48461,92630.2,78164.9,37785,135573,61555.1,3746.09,279.045,5705
44079.2,29220,98862.9,60827.2,26260,151804,18233.9,2258.36,279.44,5713
35856,30430,77221.8,40579.8,34798,76425,756.28,499.95,280.275,5736
36703.2,28880,83288.8,51591.8,20900,161776,6176.53,2024.04,280.587,5746
47614.4,40995,76118,36929.6,23011,105177,894.25,902.94,280.702,5749
67652.8,60114,73754.8,36100.4,30994,76333.4,225.57,2576.51,282.416,5777
29643.2,22951,84645.4,46586.2,18115,168539,1914.79,6318.56,283.439,5790
47673.6,34390,90850.2,75517.7,58310,84876.1,2947.01,1472.58,283.56,5793
48022.4,44238,71142.4,70498,62094,74405.9,257.69,1923.04,284.42,5810
37295.2,35127,69581.2,39767.7,35751,72899.2,650.43,355.52,284.835,5817
62051.2,39594,102707,87229.7,37434,152714,27196.2,2198.77,284.937,5820
35020.8,32523,70569.2,33403.7,30671,71375.1,2392.94,558.53,285.362,5826
84558.4,60810,91130.1,117402,42750,179979,27810.1,5159.08,285.363,5827
29708,22238,87550.3,43446.2,32430,87797.9,1056.31,551.46,285.608,5833
50071.2,42671,76901.5,73484.6,57647,83540.9,479.61,1007.98,285.65,5835
103132,78711,85869.3,88500.2,44259,131046,64326.1,5471.17,285.811,5840
45892.8,36250,82969.1,47814.4,26798,116933,10647.8,2508.84,286.624,5849
54060,39346,90044.1,76173.2,45654,109346,16587.8,7470.97,287.031,5857
76512,59427,84377.3,107006,53847,130235,21126.9,5047.98,288.605,5883
40146.4,29838,88177.3,134562,60506,145749,9287.79,2758.31,289.135,5894
68443.2,55419,80937.8,128490,64123,131322,58030.6,4473.29,289.137,5895
76570.4,69439,72266.6,32930,23279,92706,7624.12,1988.69,289.18,5898
75716,55691,89101,173657,72751,156435,41854.6,6182.21,290.234,5922
193414,151834,83483.3,80030.4,54682,95915.9,84103.3,3658.22,291.323,5938
68948.8,61319,73690.5,25618.7,21367,78576.5,897.9,998.89,291.399,5939
38180.8,26926,92929.4,33030,22538,96044.7,661.38,451.47,291.433,5940
47909.6,34581,90795.6,76926.6,28049,179738,29148.9,2458.34,291.45,5941
135774,119070,74730.1,91770.6,57722,104194,26396.1,4755.08,292.444,5965
79702.4,62191,83989.3,100281,45467,144545,23352.7,2741.14,292.516,5968
35168.8,21903,105229,37976,24687,100814,1156.32,439.35,293.141,5982
50187.2,41966,78374.6,54524.8,47438,75326.5,159.87,2143.22,293.247,5984
58653.6,43878,87604.8,48344.7,35842,88396.7,645.32,987.78,294.564,6002
88323.2,68741,84205.2,95213.7,35521,175669,16150.5,3012.83,294.581,6004
41016,35958,74754.6,29540.5,22786,84962.9,796.43,727.2,294.999,6009
116305,91026,83736,104452,44226,154782,86845.9,4482.38,295.292,6016
51673.6,26210,129206,38793.1,16674,152474,1114.71,634.28,295.484,6022
59622.4,38174,102358,104360,44090,155123,12707.1,6040.81,296.168,6031
19527.2,18859,67858,60331.3,49819,79364.8,28.47,744.37,296.528,6034
62956,44934,91821,55462.1,31842,114150,8746.13,1121.1,297.243,6044
65968.8,59167,73070,41992.8,34459,79864.1,701.53,1217.05,297.58,6051
48281.6,28258,111975,113081,27826,262143,12777.9,4405.62,297.768,6058
58870.4,44042,87601.2,73186.6,35422,135406,75408.3,2376.53,297.904,6064
32292.8,23145,91438.4,54170.3,35545,99876.4,2819.26,752.45,297.911,6065
51407.2,33952,99229,102800,42800,157409,15697.9,2510.86,298.199,6070
46180.8,38407,78800.9,38183.1,25607,97721.9,905.93,839.31,298.63,6077
32464.8,28368,75000.5,31629.2,27316,75884.1,1551.98,667.61,299.36,6098
45493.6,31774,93833.6,57158.9,35598,105230,1332.25,610.04,299.381,6101
57258.4,47150,79586.1,57919.5,34042,111504,10619.3,7256.85,299.529,6107
81850.4,57627,93083.9,119823,56107,139960,43015.2,3361.28,299.55,6108
60640,42823,92803,55533.8,29779,122216,11715.8,4053.13,299.859,6119
40917.6,28393,94445,55093.5,39737,90862.6,889.14,544.39,300.114,6124
115103,84226,89561.5,155863,57622,177270,50361.2,4853.05,300.596,6133
54796,34999,102606,117315,49251,156105,7689.82,3585.5,301.242,6140
62632,50358,81509.4,36094.4,22306,106047,500.78,17210.4,301.419,6142
68558.4,54906,81831.5,58221.4,30414,125455,24237.5,2846.18,301.744,6146
45385.6,36494,81503.6,57199.3,43214,86745.4,478.88,878.7,302.439,6159
97640.8,85914,74481.3,56575.1,41214,89962.4,9372.47,3900.62,302.533,6161
51738.4,31177,108757,49310.2,24105,134063,17052.8,3940.01,302.784,6165
73921.6,58558,82730.4,67789.2,33118,134146,35122.5,1982.63,303.075,6172
34793.6,25247,90317,129373,43199,196268,6332.75,2946.17,303.155,6177
131288,109955,78251,74181.5,52375,92822.1,18160.9,2842.14,303.806,6188
91802.4,83371,72163.7,64537,43215,97871,4175.6,2308.86,304.001,6191
32335.2,23346,90770.1,36850.9,28438,84923.6,675.25,416.12,304.208,6196
25873.6,15626,108515,89136.5,24282,240575,40793.1,4011.72,306.266,6231
59362.4,42239,92103.9,105376,39627,174274,16541.1,3572.37,308.108,6269
92596.8,75374,80510.8,90961.6,57466,103735,6520.36,2445.21,308.371,6274
51709.6,46718,72538.2,30352.5,27306,72847.8,919.8,1046.36,308.781,6280
39003.2,21002,121708,35829.8,17854,131519,771.61,457.53,308.878,6281
56777.6,36723,101326,62279.6,24823,164426,11483.6,2516.92,309.443,6294
76060.8,47443,105068,106677,41911,166811,22566.5,4256.14,310.515,6314
57852.8,43804,86554.7,46528.7,31580,96558.1,665.76,1044.34,310.843,6319
15724.8,10533,97839.2,58057.8,34037,111787,135.78,262143,311.306,6330
19607.2,16310,78784.6,77200.4,71794,70471.1,459.9,8060.81,312.348,6350
61820.8,42658,94976,52156.4,37794,90440.9,1929.39,1071.61,313.008,6365
43382.4,29671,95821.1,39118.3,23555,108837,2886.42,744.37,313.188,6367
40681.6,35679,74724.9,39164.8,33419,76803.7,258.42,7737.61,313.611,6375
36340.8,21431,111130,34328.9,16807,133860,1722.07,399.96,314.024,6386
50845.6,38811,85857.6,31884.7,20655,101167,2000.2,1754.37,314.359,6396
52751.2,29129,118682,51190.8,26937,124544,5140.66,5019.7,314.419,6401
97970.4,75042,85559.9,124705,55846,146343,11531.1,3811.74,314.457,6402
81572.8,65392,81752.4,76715.6,58176,86421.1,1625.71,2838.1,314.762,6406
55374.4,38869,93365.3,42745.2,22821,122753,5136.28,1648.32,314.762,6407
